customer_id,signup_date,acquisition_channel,acquisition_cost,business_type,first_order_value,days_to_second_purchase,total_revenue_generated,is_high_value
2c43fb513632d29b3b58df74816f1b06,2018-02-26 19:58:54,Organic Search,25.91,reseller,94.2,0,858.0,1
bbb7d7893a450660432ea6652310ebb7,2018-05-08 20:17:59,Referral,15.75,reseller,0.0,999,0.0,0
612170e34b97004b3ba37eae81836b4c,2018-06-05 17:27:23,Organic Search,27.25,reseller,154.9,10,23065.02,1
21e1781e36faf92725dde4730a88ca0f,2018-01-17 13:51:03,Paid Search,77.9,reseller,0.0,999,0.0,0
ed8cb7b190ceb6067227478e48cf8dde,2018-07-03 20:17:45,Unknown,30.64,manufacturer,78.45,0,573.5,1
1c742ac33582852aaf3bcfbf5893abcf,2018-02-07 18:04:05,Organic Search,21.09,manufacturer,97.9,999,97.9,0
92d7568ad0c5c76fd7d341b2d46f24d6,2018-04-16 18:18:22,Direct,22.34,reseller,0.0,999,0.0,0
44ed138eca6214d572ce1d813fb0049b,2018-04-17 17:01:57,Unknown,38.48,manufacturer,79.8,0,129.79,0
0b28859cd04d23edefee9c591fb03cd8,2018-05-14 18:37:15,Social,54.89,reseller,0.0,999,0.0,0
87d73636a3acf123e842bb890a4db036,2018-04-24 03:00:00,Paid Search,62.83,manufacturer,269.9,999,269.9,0
f7a0d94e966c5665355a182d5b199fcf,2018-02-28 19:42:14,Social,60.8,reseller,0.0,999,0.0,0
b566ab0ef88016e00422755e305103c6,2018-02-23 13:54:40,Paid Search,76.53,reseller,95.0,15,1208.0,1
2d2322d842118867781fc737e96d59a1,2018-05-22 13:24:08,Direct,22.17,reseller,15.5,6,176.4,0
e7012030d0fdd1d3ca504f6de7909c35,2018-06-14 14:30:20,Direct,24.98,reseller,0.0,999,0.0,0
9e7c5f4d7770eab65738cca38f9efccf,2018-04-10 03:00:00,Paid Search,73.93,reseller,99.9,66,184.8,0
6a6b1614baaaf766293c17d8cb8c5a9d,2018-09-10 14:18:01,Social,49.33,reseller,0.0,999,0.0,0
df91910b6a03bb2e3358fa6a35e32f6f,2018-04-10 19:21:54,Referral,18.8,manufacturer,219.9,8,2312.1,1
92d46311e4fa7583d14c351fdc881af6,2018-01-26 17:23:46,Organic Search,22.12,manufacturer,0.0,999,0.0,0
249f0e9905a6e06ad6c6bea7547ab9f6,2018-05-11 19:03:19,Organic Search,27.64,manufacturer,139.0,35,347.95,1
b494891378bd8f4560abe576c52deacd,2018-06-19 14:08:22,Organic Search,24.85,reseller,124.9,2,2958.9,1
8c45b4bc4b5c1e2a4e789b4466a39b77,2018-02-07 13:57:02,Organic Search,24.45,reseller,0.0,999,0.0,0
49f6ca9231352dedda1ad1176ce70531,2018-04-16 13:09:09,Social,50.51,reseller,0.0,999,0.0,0
7d13fca15225358621be4086e1eb0964,2018-02-08 17:20:14,Unknown,45.87,reseller,277.99,0,113628.97,1
efa89b428cbc422ba9313b4fc6feafc7,2018-02-16 12:31:56,Unknown,39.26,manufacturer,0.0,999,0.0,0
cb3666965a560e723403683bd378a5f7,2018-02-22 12:40:15,Direct,20.87,manufacturer,0.0,999,0.0,0
e819bcfade7b5d88a27325eb6cfd62c5,2018-02-12 13:18:13,Organic Search,23.94,manufacturer,35.8,0,202.9,0
70c27847eca8195c983ed7e798c56743,2018-02-08 20:57:44,Social,58.51,reseller,148.0,0,12077.52,1
556a6409838156ea299c9d1f9e2dde43,2018-04-06 20:52:54,Paid Search,73.07,reseller,898.0,46,1362.8,1
a4fc6eadaff1576af888509a53420f6a,2018-04-13 12:27:48,Paid Search,73.47,reseller,100.86,999,100.86,0
0975b0dd18febd1008391fa53dff0891,2018-04-18 18:02:08,Organic Search,26.29,manufacturer,0.0,999,0.0,0
4fae87d32467e18eb46e4a76a0a0b9ce,2018-07-19 18:06:07,Organic Search,31.42,reseller,100.9,999,100.9,0
3525be8392a4fa3274c459bcfee41eef,2018-07-04 15:07:27,Unknown,38.05,reseller,0.0,999,0.0,0
8b181ee5518df84f18f4e1a43fe07923,2018-04-25 03:00:00,Unknown,37.54,reseller,27.9,999,27.9,0
d594982fd877af63ace38ea1fca27c76,2018-06-05 17:20:34,Organic Search,22.56,reseller,27.19,2,217.04,0
2f1e89e231b096f4ff1f55dfe8607a7b,2018-10-31 16:54:59,Paid Search,75.17,reseller,0.0,999,0.0,0
90269579385b838ce9bd577dcec278a4,2018-05-30 14:43:50,Paid Search,79.48,manufacturer,0.0,999,0.0,0
398cb257329ef7af7f1943a8974a3cbc,2018-03-06 12:25:29,Organic Search,24.66,manufacturer,145.9,999,145.9,0
d65f74c704563bcb8baa915fbf8cfa1e,2018-09-27 12:31:01,Unknown,35.97,reseller,0.0,999,0.0,0
26e2c91ef821e1ff8985f408788fe35b,2018-02-06 15:46:14,Direct,19.82,manufacturer,57.5,4,1649.4,1
dedcab67899479e4ea5dcc4eba47f587,2018-05-15 18:05:25,Unknown,43.12,reseller,42.0,67,84.0,0
ca4b77513ac2040591b0d8fae6958380,2018-06-11 12:40:42,Social,59.91,reseller,142.9,4,1772.45,1
cee3c487c56d29554a22d112af618301,2018-11-14 18:04:19,Organic Search,26.63,other,0.0,999,0.0,0
ae9d6bb89361dff26edbccc7e1c2911d,2018-04-27 14:01:33,Organic Search,23.0,manufacturer,0.0,999,0.0,0
da3eab58892c04039f4cd5ecb09ae260,2018-03-27 19:14:00,Unknown,41.11,manufacturer,0.0,999,0.0,0
6e4a902d1054e4e17aa6eab87fac1c75,2018-06-18 13:58:00,Direct,22.31,reseller,48.89,3,586.57,1
2d42ebcda99fd55f6f4bc2f1ca035d50,2018-04-11 03:00:00,Social,56.44,reseller,89.0,1,921.5,1
04843805947f0fc584fc1969b6e50fe7,2018-04-18 16:50:40,Social,60.75,manufacturer,1400.0,0,1400.0,1
d9d057968270cdb30c14cba606d5dc90,2018-03-29 17:48:42,Unknown,41.07,reseller,0.0,999,0.0,0
d4dcd3a31f5f19aea2f258a568517a4f,2018-02-22 13:18:26,Organic Search,27.04,manufacturer,0.0,999,0.0,0
28760737b4b82d4479ddff8db5e9f71f,2018-02-27 20:04:12,Unknown,40.32,manufacturer,0.0,999,0.0,0
0dccb6973ef48a00fbcccfe907181ab0,2018-06-11 12:04:11,Organic Search,25.87,reseller,0.0,999,0.0,0
751e274377499a8503fd6243ad9c56f6,2018-07-30 14:34:51,Paid Search,75.3,reseller,218.0,0,218.0,0
93a55b2252867fd7df54c78cbd5c6d95,2018-04-02 14:20:33,Unknown,33.01,reseller,0.0,999,0.0,0
1185ae3e5ac0463c854dad54fc8fc9e1,2018-04-13 12:50:35,Unknown,38.47,manufacturer,0.0,999,0.0,0
2646baaf662d4d92ac48f047e35db92d,2018-03-23 19:06:54,Unknown,37.74,reseller,28.3,27,1263.05,1
e433f5fd4050e3352b5d83522b7fe24b,2018-04-26 03:00:00,Organic Search,23.08,manufacturer,548.06,999,548.06,1
5cc5fe3c6e303fb7656ee7b0ca21ed58,2018-03-12 13:21:11,Social,53.18,reseller,0.0,999,0.0,0
dc64d75cc406bb0697be983831430e60,2018-04-30 21:13:36,Organic Search,29.48,reseller,195.0,14,813.0,1
08d1c9478fb0d7d7fcac9c0da4e82fc7,2018-04-27 13:35:00,Paid Search,62.73,manufacturer,538.0,999,538.0,1
5181ea7b0d346ed14c5c07f0ff22b2b4,2018-09-04 14:15:04,Paid Search,78.13,reseller,0.0,999,0.0,0
ee2fbacc2fc3794e656cc4d933d59ce7,2018-05-18 18:08:22,Unknown,31.92,reseller,299.98,0,464.97,1
7fc87cc3e89b3d1d5cabdca32f8485aa,2018-02-27 19:19:47,Paid Search,67.19,manufacturer,129.0,3,2153.9,1
eba08391609dfda5c016fdd264f9383b,2018-01-12 16:07:27,Organic Search,25.49,reseller,0.0,999,0.0,0
8b3317388df29d5fa94360a486ad3356,2018-02-26 12:45:46,Organic Search,26.76,reseller,0.0,999,0.0,0
134285d1f41da5c13a756ee8142c8a4e,2018-04-03 03:00:00,Paid Search,75.97,reseller,997.8,0,1572.7,1
e9e446d01bd10a97a8ffcfc4a3a20cb2,2018-04-27 16:11:57,Social,60.24,reseller,19.9,4,60.05,0
6061155addc1e54b4cfb51c1c2a32ad8,2018-04-27 20:44:40,Organic Search,23.95,reseller,899.0,18,15633.4,1
bba8d0c234a52b87b3957037a215d1a4,2018-02-22 21:07:50,Direct,20.78,manufacturer,120.0,999,120.0,0
044668ccd5316b12a7cf0d54a156e3e9,2018-01-31 21:00:13,Unknown,44.12,reseller,67.14,0,137.8,0
fc813dd7e04b8a1c9c10e8e9c10cd5f9,2018-06-25 19:33:44,Paid Search,68.39,reseller,0.0,999,0.0,0
922f6795c9e65f2485d4e63af76586ff,2018-09-21 18:18:15,Paid Search,59.28,reseller,0.0,999,0.0,0
224167f6e956da2f71c0e8dbdaa8bbf0,2018-03-12 13:14:10,Unknown,34.56,reseller,0.0,999,0.0,0
30a81d8cf85fb2ada1b1b094c9583a95,2018-01-19 16:51:28,Unknown,35.59,reseller,57.99,0,1245.42,1
7e417525a6ce49b708fd384e580fe3c4,2018-04-03 17:19:55,Paid Search,74.18,manufacturer,0.0,999,0.0,0
b6cac2bb2d83cae903e336e6a993c795,2018-04-23 14:31:35,Unknown,40.68,reseller,0.0,999,0.0,0
0ddefe3c7a032b91f4e25b9c3a08fca1,2018-02-09 15:35:51,Paid Search,75.8,reseller,15.9,0,402.9,1
45dfe11016c782d99a19f93dd34c300d,2018-03-16 14:17:34,Unknown,37.95,reseller,0.0,999,0.0,0
6f835fd4be26989b1b064399da346143,2018-04-27 16:09:25,Unknown,40.76,reseller,97.9,23,197.8,0
3e35a8bb43569389d3cebef0ce820f69,2018-01-18 11:09:00,Unknown,43.0,reseller,55.8,0,55.8,0
a7d0f8dd44f57ef6de7f7f02e3d82630,2018-04-27 21:38:40,Email,14.44,reseller,29.89,55,73.79,0
a663d9c3797e90eac99ff60939416a56,2018-04-27 21:08:34,Unknown,42.19,reseller,235.0,999,235.0,0
2aef4c8187ab057d6f1b7e0e636aa481,2018-08-28 17:09:31,Unknown,36.82,reseller,0.0,999,0.0,0
8e3338430e8b66d28aa88fa892a00063,2018-02-26 20:32:17,Unknown,38.26,reseller,0.0,999,0.0,0
3084dcdea01fe4f2d556540e6b2e873d,2018-04-03 18:56:08,Organic Search,23.85,reseller,0.0,999,0.0,0
a213f1bd6458f4a158f3746cb2514559,2018-04-26 16:05:43,Paid Search,59.95,reseller,41.52,999,41.52,0
a56e351445e5863fc8960640ba9190c7,2018-02-26 20:02:10,Direct,23.29,reseller,184.22,8,760.92,1
9d590e1df0faffd9ceaa1f0f0ea9af2f,2018-09-21 18:49:49,Organic Search,23.59,reseller,0.0,999,0.0,0
f49987b20beada69981c57899ffd1095,2018-08-03 17:41:00,Email,15.02,reseller,0.0,999,0.0,0
5cb4a72356883c59790dc8309cddea2f,2018-01-30 16:30:17,Unknown,42.31,manufacturer,0.0,999,0.0,0
fcdd820084f17e9982427971e4e9d47f,2018-02-15 17:38:42,Unknown,42.14,manufacturer,145.0,7,4783.99,1
131fcb0a0c9a47bba4474aacff0f14b7,2018-04-20 03:00:00,Paid Search,75.59,reseller,119.0,21,369.8,1
3d5d0dc7073a299e31fa718ce1bc00b6,2018-05-07 16:42:08,Paid Search,69.17,reseller,50.0,1,702.7,1
0db0dce302e414422ed38aabd133ae04,2018-06-18 12:46:31,Social,52.21,manufacturer,0.0,999,0.0,0
3492e68f37fd1df87f4f2f2ea247f445,2018-02-12 18:46:06,Organic Search,24.76,reseller,39.99,5,787.86,1
ba143b05f0110f0dc71ad71b4466ce92,2018-04-17 19:12:16,Paid Search,55.83,reseller,76.99,4,6110.58,1
309405cfad0d11cd1ec6bb5d02c70c6b,2018-05-29 20:20:26,Unknown,33.05,manufacturer,0.0,999,0.0,0
e52d2f15bba4aff8a1e2bd12b40fdfbc,2018-06-15 19:49:16,Unknown,33.65,reseller,0.0,999,0.0,0
f4009c6b30765309a251c26bc458e0e5,2018-08-07 19:47:27,Organic Search,22.01,reseller,0.0,999,0.0,0
11fb6f6d341adbe19e81733701704635,2018-06-15 21:32:52,Paid Search,73.36,reseller,399.0,0,1197.0,1
42fac6337d0f14ecdc18a82bfe6dd076,2018-01-26 20:25:59,Direct,19.61,reseller,0.0,999,0.0,0
e0cfd7ece071eb006b1670ea64d0904e,2018-09-25 11:55:05,Organic Search,23.87,reseller,0.0,999,0.0,0
841fba8f46ab4edd1bb086f53735000e,2018-04-06 17:40:28,Organic Search,28.9,reseller,0.0,999,0.0,0
a333655afd62d4ef51f55ac7c58abb34,2018-07-12 21:14:21,Paid Search,67.01,reseller,0.0,999,0.0,0
ade45994b717ccee333492330fbf037b,2018-03-14 12:18:20,Social,59.87,reseller,569.0,2,7196.0,1
784fca1939f4ad6c73be249a80b17d18,2018-03-28 22:37:52,Paid Search,62.16,manufacturer,0.0,999,0.0,0
da6a60cc8cc724fe51be021ff8be779c,2018-05-14 16:06:59,Organic Search,24.38,reseller,48.9,28,728.79,1
6e985a12b7b98f0a15b7bf90cc882f61,2018-01-22 13:18:32,Other,39.87,reseller,0.0,999,0.0,0
a69aa24cec11168e7e39a3fbc727e925,2018-04-30 03:00:00,Organic Search,23.98,reseller,39.99,16,105.97,0
faf3ee2764599d114d7e8f25d4c19845,2018-09-11 19:25:49,Social,60.55,reseller,0.0,999,0.0,0
6025c79c035c3d772133b8b8238463b2,2018-05-10 19:07:39,Unknown,31.71,reseller,389.0,19,989.74,1
e1643dff33666ca629e3644c02738179,2018-03-13 14:56:01,Paid Search,73.65,reseller,33.0,15,170.0,0
cc63f0dd2acba93ffed4fe9f8e0321fa,2018-04-24 03:00:00,Social,56.57,reseller,99.0,4,7096.71,1
bb2afe2061d53c6968aa0cffa233a8ec,2018-04-06 17:56:04,Organic Search,23.22,reseller,225.8,0,549.4,1
ba56ae8ab7eb61b0c3f064f9661eb15c,2018-02-01 12:33:15,Organic Search,20.66,manufacturer,0.0,999,0.0,0
c8cc60ffd415254af5d9b9f34f32c369,2018-04-30 20:23:10,Social,55.48,reseller,121.9,33,722.2,1
6267923376872bb45a1c804aed0f1e73,2018-03-28 18:55:26,Unknown,37.46,manufacturer,0.0,999,0.0,0
c1849d4d32d7a6cecd5aa471809d3135,2018-05-18 12:47:49,Paid Search,71.95,manufacturer,359.0,1,388.98,1
90c523952c5622d268addb6d93a7212f,2018-08-20 13:59:51,Referral,18.05,reseller,0.0,999,0.0,0
0ab97fdbae52ec0e877efdf9b310528e,2018-04-13 20:38:20,Social,65.57,reseller,0.0,999,0.0,0
f233b575e585413f12fe2f847d922447,2018-10-30 18:21:05,Unknown,38.85,reseller,0.0,999,0.0,0
7d2af2d0dc5a86742cda2e5da38c1ac7,2018-03-19 03:00:00,Paid Search,61.4,reseller,0.0,999,0.0,0
71729348559edea55a3e7a2bc2a2986d,2018-06-06 17:50:28,Unknown,40.86,manufacturer,0.0,999,0.0,0
4125d9385a25e82d2f72d3a0fd55bc3f,2018-04-05 15:06:11,Direct,22.58,reseller,42.9,999,42.9,0
5f5a58930c3c35f3b5af264f34fb8c85,2018-02-26 17:07:06,Organic Search,29.08,reseller,282.0,24,560.0,1
94eead2f1cdacbf7ba5c5a0bdbe4cf1f,2018-04-27 14:11:20,Paid Search,77.01,reseller,0.0,999,0.0,0
facd538cb53fa082bffaeee65521020a,2018-09-17 12:03:18,Paid Search,73.0,reseller,0.0,999,0.0,0
09c34a8e333be37851747c27525a4e53,2018-05-15 20:21:11,Organic Search,29.39,reseller,0.0,999,0.0,0
8fbd63429be6d3e5e6d1a709b6464802,2018-01-23 17:58:30,Organic Search,21.43,reseller,450.0,0,1061.4,1
a28120fc27b206d3bc355b57040baf7a,2018-04-30 13:06:43,Paid Search,64.63,reseller,0.0,999,0.0,0
b16d3dadc47d4eb18be3d88bad0775ce,2018-03-28 16:11:25,Paid Search,62.22,manufacturer,189.0,13,722.1,1
a8fee0ab6206634206f782c32e41a2a4,2018-08-23 12:46:40,Organic Search,23.83,reseller,0.0,999,0.0,0
dd5450b022b2d00a2145a66331e1aef6,2018-02-19 17:26:54,Social,45.91,reseller,59.0,999,59.0,0
f887581ec486ee8eec9ed933310848e0,2018-05-31 21:44:18,Organic Search,26.91,reseller,0.0,999,0.0,0
f89e46b812b06f22508f89873565ce6c,2018-04-30 20:24:05,Organic Search,24.33,reseller,0.0,999,0.0,0
845e8036c3f7bf62099352f5ed910240,2018-05-03 03:00:00,Unknown,32.94,reseller,51.9,2,1584.6,1
ce9d7ae0d0fe0a747bc46cf3f089cfaa,2018-06-20 18:31:06,Organic Search,21.95,reseller,0.0,999,0.0,0
f049a72cf58fd31b11f8919cade515e7,2018-05-24 22:16:29,Paid Search,72.63,reseller,64.0,0,138.75,0
117cfc326c6d50da67ca858ff5c0c852,2018-03-29 20:20:04,Organic Search,27.51,reseller,94.9,0,454.6,1
c6d5704d1ed91beed0114bcd9d3367bb,2018-03-05 18:43:20,Organic Search,30.99,manufacturer,0.0,999,0.0,0
049197f741ca0cde891420fc72fba3e5,2018-04-19 22:00:40,Organic Search,33.74,reseller,0.0,999,0.0,0
116e5ef667d05e59c8b95acd02670ff3,2018-03-20 14:01:49,Social,57.74,reseller,0.0,999,0.0,0
f1fdf2d13186575751aa25876536d85c,2018-03-22 13:06:50,Organic Search,22.03,reseller,26.3,999,26.3,0
b64d51f0435e884e8de603b1655155ae,2018-02-15 16:06:31,Paid Search,52.09,reseller,19.99,5,416.18,1
56e361f411e38dcef17cdc2a3d99628b,2018-05-10 19:16:27,Organic Search,25.8,manufacturer,62.0,0,1298.0,1
cac876b37d3abcd6bd76caca30277996,2018-01-29 17:13:49,Paid Search,63.17,reseller,39.49,1,2229.77,1
a414555ce331b8c8aea4a9cb8395194d,2018-01-29 20:08:37,Organic Search,23.75,reseller,45.99,13,1450.95,1
c54679b132454625907c773d273d4126,2018-01-08 19:14:47,Paid Search,64.86,manufacturer,69.0,32,1032.0,1
4a82168aaef173cbb6e46ae88728f919,2018-05-02 17:57:01,Paid Search,68.82,reseller,65.0,1,512.0,1
41b9c7bfadf5f42b93b7bfbae1b84494,2018-01-15 19:51:21,Unknown,45.12,reseller,0.0,999,0.0,0
d8d9567d0bfb0bc7eb845a205ba42657,2018-02-09 13:41:10,Paid Search,71.32,reseller,19.9,34,74.6,0
3ab971ce71839580d2ae5b4e40fe8044,2018-04-27 13:55:14,Organic Search,24.52,reseller,85.9,1,5002.9,1
02f623a8eb246f3c5f7c2f96462654e6,2018-04-18 20:16:19,Organic Search,21.89,reseller,129.0,3,6378.0,1
11a559e252a8d167a8ccea7abcf357f3,2018-01-19 17:23:06,Unknown,31.96,manufacturer,0.0,999,0.0,0
cec13d4723ba59aae2a6663b99129a49,2018-04-04 13:50:13,Organic Search,23.54,reseller,0.0,999,0.0,0
0ca9bd8db4679bc89692acdfcd96b6c4,2018-05-23 21:47:07,Paid Search,69.55,reseller,0.0,999,0.0,0
351cc0833086e30c04f3b0a15dbc3e93,2018-09-03 19:15:53,Organic Search,30.3,reseller,0.0,999,0.0,0
6aa3928696eab49a19a466e665a649fd,2018-02-07 13:40:14,Unknown,40.63,reseller,180.0,17,2075.0,1
539ed9e19811677513447759be5eccfc,2018-05-15 18:16:40,Organic Search,27.95,reseller,14.2,70,32.83,0
d7827b2af99326a03b0ed9c7a24db0d3,2018-03-29 16:29:14,Paid Search,65.81,reseller,1455.0,999,1455.0,1
6c6d00f0561125a66cffac53cfe3f913,2018-07-31 22:29:03,Social,47.18,manufacturer,0.0,999,0.0,0
bd4431c1a8dfa744b59e1e2a8bc99b9e,2018-01-26 18:13:17,Paid Search,61.89,reseller,55.0,19,809.5,1
4a1917ef994878940e1fb03eeb787ad7,2018-04-09 17:28:44,Social,50.21,reseller,538.0,0,768.0,1
c0aff2da32c17759d30b22fb0af6649d,2018-04-20 13:24:51,Paid Search,87.88,reseller,17.0,3,188.8,0
cb6c9f5888a7a090c75beaf615925792,2018-04-20 19:04:20,Unknown,36.06,reseller,74.9,13,779.89,1
f212a20c700f5a7c3d4de5ef38e02c42,2018-08-10 13:01:03,Organic Search,27.52,reseller,0.0,999,0.0,0
59cea8e446d3834393058e7e0666b6fb,2018-05-08 12:18:42,Unknown,35.67,reseller,39.9,4,696.6,1
2cb98e27ce1c18abdb42209b34c382a7,2018-02-28 03:00:00,Unknown,44.47,reseller,62.49,999,62.49,0
3289d8c3eef4873f91ce0b1343c0dd58,2018-04-26 20:04:29,Referral,18.83,manufacturer,199.99,999,199.99,0
55c26bcb609f480eb7868594245febb5,2018-03-01 14:58:45,Organic Search,24.53,reseller,84.9,11,664.4,1
5c3460cd3e8a984382ae254e7dd20d9f,2018-01-10 18:15:06,Social,54.73,reseller,148.98,46,775.76,1
e979bb42fb660609fe056a6bea03761f,2018-04-27 03:00:00,Other,41.46,reseller,0.0,999,0.0,0
bcafb8538edd43b166274b25c60b7458,2018-06-26 12:51:19,Organic Search,26.34,reseller,0.0,999,0.0,0
0e72c1a751b496722a6cb1f10653b62a,2018-03-12 18:24:50,Direct,20.8,reseller,45.9,33,140.8,0
abcb0f101902cd0ca5bfddc35ddab560,2018-07-11 14:58:50,Referral,15.35,manufacturer,0.0,999,0.0,0
ae7ab174effdead6c241e547e4ca13f0,2018-04-04 21:17:17,Organic Search,21.17,manufacturer,349.9,30,2778.6,1
f85612e1b253b37d88329fdc16e8f32f,2018-04-03 18:29:19,Unknown,40.83,reseller,0.0,999,0.0,0
1d953075c2f0dd990bacf27b83b330f1,2018-06-20 12:24:10,Organic Search,29.74,reseller,59.0,999,59.0,0
9261d76c62caaf0b24677c2ceb7f8f20,2018-05-22 21:25:39,Unknown,40.77,reseller,259.8,0,968.7,1
def312fb44a52de894acf688498ce1fc,2018-01-31 13:33:48,Organic Search,24.64,manufacturer,0.0,999,0.0,0
160851d3ece7aa1a510f8d1a4bb8a8af,2018-07-18 20:24:28,Unknown,41.37,manufacturer,46.9,22,102.05,0
c004e5ea15737026cecaee0447e00b75,2018-03-26 19:31:38,Paid Search,80.97,reseller,2350.0,999,2350.0,1
7ff588a03c2aeae4fbd23f9ae64b760d,2018-05-21 20:28:33,Paid Search,71.84,reseller,38.67,21,1182.2,1
880ce4951cf857ab1d9e0b75c1d856f4,2018-01-31 02:00:00,Organic Search,23.77,reseller,178.9,999,178.9,0
9e6967d3cf386d284251784b18ccb485,2018-04-13 13:41:51,Organic Search,28.32,reseller,87.99,16,517.67,1
e9c2dc0dd4ac38448289be644ac94f42,2018-06-20 18:32:56,Direct,23.13,reseller,69.9,21,118.39,0
964ff64dc05b13811c6d0f41e0aa5f6b,2018-04-11 14:36:14,Unknown,47.37,manufacturer,180.0,999,180.0,0
ec5b3cd9d6bf0a880edfda73562a7cea,2018-06-11 14:29:08,Unknown,40.88,reseller,0.0,999,0.0,0
1997c740529040d6a2244d2e818acb50,2018-02-26 20:59:09,Social,46.92,reseller,0.0,999,0.0,0
6fcc97197c64771f3c18aea3aa9d3913,2018-10-24 19:33:34,Organic Search,20.9,manufacturer,0.0,999,0.0,0
1cbdc7cf130a41fd13a3c2a7d2fcfda7,2018-03-16 19:39:38,Unknown,47.92,reseller,82.9,57,165.8,0
75fe775fe1a7ad296e77ea7e66b35ac3,2018-07-13 20:14:57,Organic Search,30.17,reseller,0.0,999,0.0,0
9e545d0501bd685bba148d9f631093f1,2018-02-22 13:16:06,Direct,21.53,reseller,0.0,999,0.0,0
40105cb0aec41563d24ccc7b90ae7083,2018-08-30 22:00:23,Paid Search,66.78,manufacturer,0.0,999,0.0,0
b1116e9a35b2fa91eb4a0af8e73cdc3a,2018-06-14 18:51:26,Paid Search,82.28,manufacturer,0.0,999,0.0,0
17595577347283c0140226df762e2e6b,2018-07-03 12:26:43,Unknown,34.69,reseller,0.0,999,0.0,0
271b8923c6a549e02d3c9fd1f8c0422b,2018-06-01 16:45:27,Unknown,35.71,reseller,105.19,999,105.19,0
d7cb3f744255259a4ded02cb354f5bcf,2018-02-26 16:11:50,Other,48.47,manufacturer,0.0,999,0.0,0
618b0524377e106190c0c91cacdb4b78,2018-05-11 03:00:00,Organic Search,23.82,reseller,0.0,999,0.0,0
231e2c768bf979ec59ff743f16a442ce,2018-05-15 19:03:42,Unknown,39.98,reseller,0.0,999,0.0,0
44717f64ec2a457979cf83c429077666,2018-04-05 19:05:16,Direct,21.57,reseller,71.0,17,107.0,0
b0289c0c1f9f84008e7b4dbf795c4676,2018-01-12 18:25:57,Organic Search,26.01,reseller,0.0,999,0.0,0
31be790e64fc99f8ff48ec2bd18a3104,2018-06-29 20:16:50,Social,64.29,reseller,39.9,5,241.4,0
b0ec35adb04cfa85d3e0ff3f79c186a3,2018-05-17 21:47:38,Unknown,40.43,manufacturer,0.0,999,0.0,0
fa7cc273072520346449b9e89329768a,2018-08-10 16:46:39,Paid Search,75.41,reseller,0.0,999,0.0,0
120476eb7a04c149d14772edaf5d9bf2,2018-06-25 18:42:15,Paid Search,52.78,reseller,1280.0,11,2368.8,1
7df961ce758538004de6db0f5b9d7b6f,2018-04-17 14:51:42,Social,54.68,reseller,0.0,999,0.0,0
cee4320453079d554562dee0753d7d43,2018-08-21 21:07:30,Paid Search,62.92,reseller,0.0,999,0.0,0
21f3118106d69d16dfe7d5aaf37cb242,2018-07-30 20:30:31,Organic Search,21.34,reseller,0.0,999,0.0,0
94d76e96eedd976258cd3278ce56d5f2,2018-02-07 20:39:32,Organic Search,22.37,manufacturer,385.61,999,385.61,1
b5e7d871b063f34de611e8b448e63f2e,2018-02-26 16:09:48,Organic Search,24.0,manufacturer,0.0,999,0.0,0
04ed0495537199603d4930fc5c0dd026,2018-04-27 14:07:20,Email,16.65,reseller,0.0,999,0.0,0
96c1c7f1f24470915da80563cd1202ea,2018-08-08 16:22:31,Organic Search,21.02,reseller,0.0,999,0.0,0
1f74801bb8b05750ce5e7597b685bd13,2018-06-18 13:51:38,Organic Search,25.09,reseller,0.0,999,0.0,0
bed6d1f6c4664ab8cf3abf3821727756,2018-03-22 21:20:42,Paid Search,65.93,reseller,0.0,999,0.0,0
377bc18334c78dd2f1535ef22a3ad225,2018-03-07 22:08:32,Unknown,38.43,reseller,135.98,999,135.98,0
51fdd5d43db628fada4588f89aba3e8e,2018-04-11 20:19:49,Organic Search,28.01,reseller,0.0,999,0.0,0
58f1a6197ed863543e0136bdedb3fce2,2018-02-27 17:30:22,Paid Search,74.52,reseller,169.0,0,6833.0,1
65febd49fd28ec955651299159b1f527,2018-03-19 18:58:47,Organic Search,29.01,reseller,40.99,2,4319.7,1
9b1585752613ec342d03bbab9997ec48,2018-05-11 14:22:51,Organic Search,24.54,reseller,749.0,9,4248.98,1
cbf09e831b0c11f6f23ffb51004db972,2018-04-10 18:20:00,Organic Search,22.91,reseller,53.9,3,1535.2,1
4f0d637c1197fd65405ebd755ac9f86b,2018-03-12 21:20:49,Paid Search,68.12,reseller,89.9,20,199.8,0
026c6180cd86d6069dad573ce69b465e,2018-10-03 12:28:55,Paid Search,72.04,manufacturer,0.0,999,0.0,0
0691fc6052b1918d775ac6ff8275eb01,2018-01-12 02:00:00,Social,56.17,manufacturer,0.0,999,0.0,0
d50f6d198921d51b24544738b29d2b0e,2018-06-04 13:55:12,Referral,15.66,manufacturer,0.0,999,0.0,0
9485222b0bad29d3b0e860fa5ec1fdd4,2018-09-13 03:00:00,Social,55.6,manufacturer,0.0,999,0.0,0
28fadc495e06e64b5d15d54959f2cee1,2018-01-31 16:18:47,Paid Search,71.92,reseller,0.0,999,0.0,0
dbdd0ec73a4817971d962698f2fea022,2018-02-02 13:08:11,Direct,28.65,manufacturer,399.0,15,6384.0,1
2aeedd049dc20e7171f43110fd0d6821,2018-06-13 16:37:42,Unknown,49.01,reseller,0.0,999,0.0,0
6a60bd6a4afd5fc86b75b47ec502df7b,2018-05-16 17:48:30,Paid Search,62.83,reseller,0.0,999,0.0,0
46bec94e1e0fc413b6adb1d1bd175477,2018-05-25 16:36:57,Paid Search,67.59,manufacturer,0.0,999,0.0,0
73df8d9e8f8c54d0d42feb9bf58c718c,2018-06-05 21:47:22,Unknown,32.98,manufacturer,0.0,999,0.0,0
dd22fbe4df5d84be25176054640b696d,2018-06-11 12:36:11,Organic Search,23.23,manufacturer,0.0,999,0.0,0
2aa8585964d74f71e334a6c3de2ddc27,2018-02-05 18:36:39,Unknown,41.51,reseller,0.0,999,0.0,0
6cd5309bfee39493f71de0350e837b3d,2018-02-15 18:21:28,Paid Search,80.13,reseller,0.0,999,0.0,0
caa9bc43a9fe8cf9c564ddd8a03cc4a6,2018-03-28 16:09:52,Unknown,36.5,reseller,179.98,0,803.87,1
fe87f472055fbcf1d7e691c00b1560dc,2018-01-23 12:41:16,Other,41.47,reseller,299.0,0,1085.8,1
366b6b05f39997f102dc5179de14d43c,2018-10-01 12:27:47,Paid Search,51.96,reseller,0.0,999,0.0,0
9169e322ad3419286d1e5ee8f1c3b3f0,2018-11-01 15:36:16,Organic Search,24.51,reseller,0.0,999,0.0,0
da4d149c0ddbac90557103ac0a0ec356,2018-01-11 17:16:48,Organic Search,21.81,reseller,730.0,999,730.0,1
4dd7866cf496e0c2fcfc93a4589dc1be,2018-04-27 14:04:06,Paid Search,65.55,unknown,0.0,999,0.0,0
bc2579cde838eb0fa8477f7efb1298d1,2018-05-10 20:10:08,Direct,19.69,reseller,0.0,999,0.0,0
693660429f9dc4ff704eb3d88dad54d7,2018-05-25 21:25:11,Social,54.38,reseller,62.0,0,124.0,0
7d7866a99a8656a42c7ff6352a433410,2018-05-30 22:29:56,Organic Search,19.73,reseller,49.0,6,147.89,0
657969cca82e884d272385ec0ef06edd,2018-02-08 19:03:20,Social,45.32,reseller,69.9,38,139.7,0
b7140ce94c4514bf136a2c3f98e0476c,2018-07-31 20:01:32,Unknown,50.22,reseller,0.0,999,0.0,0
a50397ac35dc51ce40c4c3117828e4ec,2018-03-28 19:05:44,Paid Search,59.19,reseller,0.0,999,0.0,0
d65d93b215feab3f997441e1e0a98ca5,2018-05-14 19:26:01,Paid Search,60.79,reseller,0.0,999,0.0,0
dda37071807e404c5bb2a1590c66326f,2018-03-26 20:08:26,Paid Search,85.43,manufacturer,199.99,999,199.99,0
85be0b7181c48c393007b0002fdec79c,2018-04-30 20:47:07,Unknown,53.94,reseller,0.0,999,0.0,0
671585f5a2af58b6e276bc01003c0d2b,2018-06-19 19:54:25,Social,47.27,manufacturer,40.0,1,1244.0,1
4a1f694197d05fe70026b016a7316b41,2018-02-02 11:25:23,Paid Search,66.91,reseller,156.97,0,907.77,1
3d3ccf2b2f8134b10dce9dd446f0e075,2018-04-25 18:28:42,Paid Search,72.87,reseller,82.8,3,608.6,1
2cb6eb1b7185064167657fa09f541105,2018-01-15 17:14:00,Paid Search,84.52,manufacturer,119.9,1,1217.9,1
0fe3372ef9bebf177e6cb95fa0340fb6,2018-08-20 13:15:36,Organic Search,22.04,reseller,0.0,999,0.0,0
964cb238d75d1e6c6e1f88adcdf14f42,2018-03-07 14:24:51,Paid Search,67.94,manufacturer,0.0,999,0.0,0
167bde8a09cb3196874f3f7e2753a98d,2018-01-29 20:43:42,Organic Search,27.33,manufacturer,0.0,999,0.0,0
c84592044b180dec206770c38603814b,2018-01-30 18:06:36,Unknown,42.09,reseller,20.0,8,491.94,1
c3e1abd72a42fe690fcd89cf5720fe29,2018-04-27 12:40:32,Organic Search,23.87,reseller,132.97,0,1798.61,1
4d0041cdbe51b4617d95c70b19decc74,2018-04-20 19:29:22,Organic Search,24.6,reseller,319.9,3,5235.2,1
4e0bb097aa0fb4e2f9a146b77698427a,2018-01-19 02:00:00,Direct,18.37,reseller,0.0,999,0.0,0
77e81c45f03c23a7b43dbb0bdd905dff,2018-01-12 13:49:28,Direct,21.37,manufacturer,0.0,999,0.0,0
2fa13c8bd5705d279f7ed5cc9ec61c68,2018-01-18 02:00:00,Unknown,38.72,reseller,16.9,81,87.4,0
9e54d45e5f30ed4f296bd25d4edada20,2018-04-04 20:55:17,Organic Search,25.7,reseller,0.0,999,0.0,0
596d3b6f78d5a703bfce24b801d2fbdb,2018-06-26 17:13:29,Organic Search,23.33,reseller,0.0,999,0.0,0
18e694e0e48ed6f7aa3f24aade5fd697,2018-03-27 03:00:00,Unknown,42.26,reseller,17.8,0,701.54,1
667ee4b0aece58908fae3fd1649b7e6c,2018-04-30 13:30:05,Display,67.29,unknown,0.0,999,0.0,0
fd435faa3c0422b60440ea3480d0e77c,2018-07-26 17:03:01,Unknown,40.75,reseller,749.0,999,749.0,1
7816cd9c5b1238e320545f5bf7eb80e8,2018-05-14 19:41:58,Organic Search,26.06,reseller,489.0,999,489.0,1
713a71465d58d5315a36788861dfec4a,2018-01-22 17:43:36,Paid Search,70.45,reseller,0.0,999,0.0,0
4d54524ebf3e26769edc397a2eb26462,2018-05-18 13:05:14,Paid Search,70.0,reseller,0.0,999,0.0,0
8dc50970bc5ef0bf96e6dc401caf0c1c,2018-05-23 21:00:58,Display,54.8,reseller,0.0,999,0.0,0
c963a25b8671419c6ce9eebe8fd03218,2018-03-13 15:51:54,Paid Search,72.66,manufacturer,49.0,999,49.0,0
2aafae69bf4c41fbd94053d9413e87ee,2018-04-19 14:13:04,Social,54.36,manufacturer,59.0,61,94.0,0
3c6b1149911003e599410f60c7735bc6,2018-02-28 19:15:15,Organic Search,31.28,reseller,0.0,999,0.0,0
9ebf0ac03992f6240c8339820ed03581,2018-08-02 17:32:16,Unknown,47.55,reseller,0.0,999,0.0,0
65d5e688c5bba88c62953b3a97264d54,2018-04-18 20:19:00,Organic Search,26.16,manufacturer,0.0,999,0.0,0
013d100f608a64ec8275c038aedeb064,2018-04-06 14:15:21,Organic Search,22.71,reseller,0.0,999,0.0,0
d66c11a9572221d92fbb8c4897db5f9b,2018-04-14 03:00:00,Direct,19.06,manufacturer,24.12,0,776.56,1
7d91f9d655df761fd0cf119733a61e74,2018-08-14 13:56:57,Organic Search,28.57,reseller,0.0,999,0.0,0
77d0bfeb12a6711682cc61a508f87313,2018-05-23 13:57:13,Unknown,41.26,reseller,0.0,999,0.0,0
01fd077212124329bac32490e8ef80d9,2018-03-28 22:45:45,Unknown,42.3,reseller,17.0,1,1208.0,1
c0199604c0ca0863cd20b95aadd24427,2018-04-06 21:43:37,Organic Search,19.77,reseller,0.0,999,0.0,0
7461606ae81596a71b8a98fd0f2460b2,2018-05-25 18:04:39,Unknown,44.45,reseller,0.0,999,0.0,0
9d213f303afae4983637247556438ede,2018-05-11 12:46:58,Paid Search,73.82,reseller,31.8,0,47.7,0
76bf0e3e7d311d9069d4512cc1a232d7,2018-04-24 14:19:33,Unknown,34.67,manufacturer,0.0,999,0.0,0
4ff8d644ff76721b86fdc7c75c48d4a6,2018-05-11 19:21:23,Unknown,37.74,reseller,0.0,999,0.0,0
59ddca14932ec5557c099a51c4d5a58e,2018-04-27 13:27:25,Paid Search,72.22,reseller,0.0,999,0.0,0
8c9348f33ae3dada25c99c99ade2af78,2018-04-25 21:44:40,Paid Search,70.44,reseller,82.99,37,312.99,1
89c4c1dfaab405a37514bda5243b0206,2018-08-24 03:00:00,Referral,17.37,reseller,0.0,999,0.0,0
f1b854361f4e15d5851b494df66f22b2,2018-04-11 16:05:14,Direct,21.73,manufacturer,599.9,0,1168.8,1
c8665a4dd081a2c436b1cd921079d0d9,2018-05-10 17:13:16,Direct,21.33,reseller,79.39,999,79.39,0
138dbe45fc62f1e244378131a6801526,2018-04-25 17:19:34,Paid Search,71.28,reseller,18.9,3,1125.56,1
b25ec1aff84400104d63eadc3b3052fa,2018-03-19 20:04:46,Paid Search,82.36,reseller,0.0,999,0.0,0
3917f19baf48b61b7c9a106ea10ad953,2018-02-16 18:51:56,Organic Search,17.3,reseller,0.0,999,0.0,0
eb72802c83dc7547529c9546d1a9b8ef,2018-04-30 17:43:10,Organic Search,24.29,reseller,44.99,3,1063.92,1
b67d6c666e8dce1d078c882825e12704,2018-04-20 14:26:36,Unknown,40.85,reseller,21.6,7,352.84,1
980640c45d7a4635885491d077167e4d,2018-05-24 20:25:11,Unknown,41.42,reseller,39.89,20,1004.29,1
d84ecc09e7c9517825a219be37aca08b,2018-04-18 19:26:35,Paid Search,66.88,manufacturer,0.0,999,0.0,0
dc7192adf8ba09569261f4a8d576afe0,2018-05-11 20:38:50,Unknown,31.57,reseller,63.0,12,917.0,1
43037711a5c131786d1633e96185d278,2018-03-15 15:12:53,Organic Search,25.98,reseller,0.0,999,0.0,0
3b2386b23bc4807a467c2ea5770cdd80,2018-04-24 17:05:08,Social,66.4,manufacturer,0.0,999,0.0,0
c30eb4a935f1ea375393aa691a69b19c,2018-02-21 12:30:22,Organic Search,20.4,reseller,0.0,999,0.0,0
ffad1e7127fb622cb64a900751590acd,2018-02-02 20:42:47,Organic Search,27.59,manufacturer,35.6,0,884.3,1
7b98de631987e26dd6d803490c43a13c,2018-05-08 17:18:41,Organic Search,24.01,manufacturer,76.9,22,634.2,1
77d81755dbf8e62faa0fb683e1a802c6,2018-04-28 03:00:00,Paid Search,69.48,reseller,0.0,999,0.0,0
70bf57d811208f8923b41bbd499a67a4,2018-06-08 12:10:27,Direct,19.22,reseller,179.4,12,780.8,1
4018093c0809ddcb1f633ed5cc3f5eb2,2018-03-09 17:24:41,Organic Search,24.0,manufacturer,0.0,999,0.0,0
4de7a9f2b6acffd74c9f148f8902b854,2018-10-01 12:31:26,Organic Search,28.9,reseller,0.0,999,0.0,0
bc8c8d665ec4664d286be0d521722b19,2018-04-17 17:18:12,Organic Search,26.75,reseller,22.5,999,22.5,0
a63bfbaa882c8f4542891b4e2246cc7f,2018-05-24 16:11:06,Referral,21.74,reseller,1099.0,6,6772.0,1
33d677f27a69b84051204ee4ae76eaca,2018-01-10 19:40:52,Direct,25.11,reseller,14.9,19,165.0,0
92887d76687f9477f1c7f759bc4a225b,2018-03-07 03:00:00,Unknown,42.11,reseller,0.0,999,0.0,0
8a8835a43bda99fd37310ad76c457510,2018-05-17 12:09:33,Referral,21.77,reseller,116.36,17,224.34,0
0873d9f8f36123f8d910f4760e788cfb,2018-03-27 03:00:00,Unknown,42.11,reseller,1520.88,29,7265.59,1
59bbc819b99a733f02f0d6b49d1c253d,2018-02-06 02:00:00,Organic Search,27.48,reseller,69.9,49,139.8,0
61b18775be84fb700a6b2d0ba097bf66,2018-02-27 19:13:04,Paid Search,67.51,reseller,179.8,0,334.5,1
761681a821d8275bc79f552116d06869,2018-01-16 02:00:00,Organic Search,25.2,reseller,101.19,51,354.92,1
1a8e2d9c38b84a9702ac7922924b0573,2018-01-22 17:11:43,Paid Search,64.14,manufacturer,80.0,999,80.0,0
ab2a1539d7cdbddcfb6b568447ed767d,2018-08-17 14:41:00,Other,50.34,reseller,0.0,999,0.0,0
a66aed6f85eb3f719792329338875b72,2018-04-20 12:18:30,Referral,15.45,reseller,0.0,999,0.0,0
c32fc744b9160ac853450488e3cfea93,2018-03-05 20:54:03,Organic Search,27.35,reseller,119.9,45,185.7,0
08083b94b3c7e0847502a026125dbfbd,2018-06-04 18:53:50,Paid Search,68.4,reseller,0.0,999,0.0,0
165b1235e9e9942cb5fae67103576fb0,2018-04-30 16:01:35,Paid Search,79.84,reseller,158.2,12,2085.15,1
13a6bea45beacabbd2d7551940020653,2018-04-18 16:36:44,Unknown,43.6,manufacturer,0.0,999,0.0,0
9803a40e82e45418ab7fb84091af5231,2018-03-09 14:18:20,Organic Search,30.46,reseller,55.5,0,4278.75,1
ec8463980a4e0ea9f8517aea1ed0c419,2018-04-09 18:58:34,Organic Search,27.19,manufacturer,59.8,0,239.2,0
80b2f7568a7016771f58c5b981da3ae3,2018-05-21 17:29:17,Unknown,32.45,unknown,0.0,999,0.0,0
e52a436a49da33527c29e1b5fbd09317,2018-05-14 19:17:03,Organic Search,24.8,manufacturer,0.0,999,0.0,0
f9eda05b67bef472deaddbba84aca289,2018-03-07 17:11:48,Paid Search,60.16,reseller,185.0,999,185.0,0
ffa6adafb71b807dc13159e26431354c,2018-02-20 17:44:19,Organic Search,23.45,manufacturer,89.0,6,2669.9,1
14c9e2cbff9aaf67afd967798a651733,2018-03-23 17:58:38,Organic Search,29.53,reseller,0.0,999,0.0,0
447d377bdb757058acb569025ee18a93,2018-01-26 12:23:51,Organic Search,26.91,reseller,64.99,999,64.99,0
f0533bc9cc3111a0b2f8198157a34571,2018-02-07 18:11:05,Paid Search,64.13,reseller,0.0,999,0.0,0
1f7dfad2cb384ea4d2d7e1ffbd78c407,2018-04-20 03:00:00,Unknown,35.13,manufacturer,49.0,999,49.0,0
8de8fe3af4449ed695d2434c933ed73e,2018-06-08 19:09:46,Organic Search,25.1,reseller,2090.0,999,2090.0,1
ceb123995e945aab9f7c259819f70a2e,2018-10-10 01:15:56,Email,12.81,reseller,0.0,999,0.0,0
db2956745b3a8e9f3785c99f34b5d25e,2018-03-22 19:35:04,Unknown,36.78,manufacturer,149.0,3,8599.0,1
c5f7e746b7e6d07def6c0dae9903279b,2018-03-01 12:22:46,Organic Search,25.94,reseller,319.0,59,1429.0,1
bf28429c4b2c63d4a66f2a1ef89e7cfa,2018-02-16 20:09:12,Organic Search,28.47,reseller,0.0,999,0.0,0
684ffe8bd167b50565e8546d7a99ec63,2018-04-17 18:12:47,Organic Search,26.83,manufacturer,0.0,999,0.0,0
0fca1de8751a104ca87890f19f363d4d,2018-03-16 14:22:29,Direct,15.95,manufacturer,0.0,999,0.0,0
4bfc7a4a1cf8d4d2121c27422d9e50b5,2018-03-08 03:00:00,Paid Search,72.56,reseller,125.8,0,8124.4,1
98d634015211a1cd9b861e59b6d1b79b,2018-03-16 13:57:28,Organic Search,25.22,manufacturer,0.0,999,0.0,0
6267b2cd3c8d9bfa2cc778c11d54e76c,2018-03-15 19:10:24,Paid Search,73.48,reseller,0.0,999,0.0,0
f093be9f8ecb3904adb95cbe76434e1c,2018-10-25 17:16:36,Organic Search,29.85,manufacturer,0.0,999,0.0,0
6e1706430e9dda78c8d2d5dd1f36d545,2018-04-30 20:58:34,Unknown,30.1,manufacturer,0.0,999,0.0,0
bec568278124768c474ee90971ca94d1,2018-06-05 13:34:52,Paid Search,65.03,reseller,20.9,42,219.9,0
762fafdaa57a532ee0119731697579dd,2018-02-28 22:17:25,Unknown,42.84,reseller,33.9,10,206.7,0
d263fa444c1504a75cbca5cc465f592a,2018-03-29 12:34:47,Direct,17.82,reseller,399.0,999,399.0,1
cb9942fc1981289d7e809573bc69c7db,2018-01-22 13:22:05,Organic Search,29.43,manufacturer,0.0,999,0.0,0
2cadea330183af560c84a87409e5c0e0,2018-03-19 18:20:11,Organic Search,26.11,reseller,0.0,999,0.0,0
1f080fb8ad65b21e195b903bd366ae68,2018-06-07 13:59:42,Paid Search,77.11,reseller,0.0,999,0.0,0
95081451c156a9d11136ecfc5422a20f,2018-04-24 14:04:51,Direct,20.49,reseller,0.0,999,0.0,0
b30aab8e0bdb2b3876d33df69222cc5b,2018-09-03 03:00:00,Organic Search,27.44,reseller,0.0,999,0.0,0
bd57c88dfa162e7a0f5284a25935af65,2018-06-15 14:04:52,Organic Search,28.21,manufacturer,0.0,999,0.0,0
b03a9c9814f98280b6d91cb560eeda5b,2018-06-12 19:54:25,Social,56.54,reseller,0.0,999,0.0,0
6514418ce691fad2663207c14a1fc1f4,2018-08-28 21:30:52,Social,56.55,reseller,0.0,999,0.0,0
3f9be91358837bff69df67edfa3e42e8,2018-03-01 17:44:43,Paid Search,72.27,reseller,129.9,1,569.7,1
c1319b7d63c25ad7838d268fec93d0fa,2018-04-30 21:48:02,Organic Search,22.41,manufacturer,0.0,999,0.0,0
b6a59a960c14aab3c683a673d03ca2ab,2018-01-23 11:33:43,Social,54.03,reseller,0.0,999,0.0,0
871708b5b0c28260241a7ddbcec894c3,2018-04-19 18:10:32,Organic Search,24.54,manufacturer,0.0,999,0.0,0
4867209cb29b56b92893d7bde3ce8012,2018-01-29 11:26:57,Paid Search,73.22,manufacturer,150.0,999,150.0,0
e9179018f5d095c744e8a333264f99d1,2018-03-05 12:52:26,Paid Search,78.4,reseller,0.0,999,0.0,0
5e8fbfbb0b53e303caf57d7408627b73,2018-03-23 19:56:18,Organic Search,21.82,manufacturer,0.0,999,0.0,0
946a07c34ff7e9eafa2d0ad6c45340ec,2018-03-16 20:22:47,Referral,17.73,reseller,0.0,999,0.0,0
d4ffeb15b67e81ff9af2b4252d99fb7e,2018-04-04 17:31:09,Unknown,47.11,reseller,97.0,6,1400.4,1
5e9f5bd34e0830569f05c9d4f56e04a8,2018-03-28 03:00:00,Organic Search,22.77,manufacturer,119.99,2,239.98,0
b3a449163f5fe8657f2f0c83f41e7a5a,2018-05-21 14:06:49,Unknown,36.05,reseller,0.0,999,0.0,0
c03fd7fd50f9f421847d970502fe5d26,2018-04-11 22:21:15,Organic Search,25.61,reseller,0.0,999,0.0,0
d8bf0fc082fd4a77fc2e5679b6c00133,2018-04-06 03:00:00,Organic Search,27.53,reseller,139.9,999,139.9,0
8a432f4e5b471f8da497d7dc517666e2,2018-03-12 17:30:06,Organic Search,25.03,reseller,59.0,7,7555.0,1
108ca0788dee2b34051cd325dd9eafed,2018-04-03 20:47:56,Organic Search,28.99,reseller,0.0,999,0.0,0
03a2a6dcbe45d639c4dc2a0d24769c40,2018-02-09 18:11:10,Social,60.65,reseller,178.44,2,1078.41,1
6a38087bc8ad4f89ff453561005f6dea,2018-05-11 21:26:07,Referral,19.82,reseller,45.99,0,1833.43,1
d9a84e1403de8da0c3aa531d6d108ba6,2018-01-30 11:33:40,Organic Search,26.66,reseller,79.8,0,1425.2,1
f12d3c2a14729ae461b920c11fe20fdc,2018-02-02 13:10:58,Organic Search,31.98,reseller,19.5,7,364.45,1
cdb142290473bb9442f55741e430682e,2018-04-11 15:15:51,Paid Search,68.28,manufacturer,0.0,999,0.0,0
a8739afb32aaa45e01815ca76f76f54b,2018-02-28 17:16:01,Paid Search,53.17,reseller,13.62,0,298.83,0
12e6ecc830aa50dcace131431d90f426,2018-07-02 13:40:15,Referral,21.47,manufacturer,0.0,999,0.0,0
a6a52627793bc24c517d364354c20f6f,2018-05-18 20:27:46,Organic Search,23.63,reseller,0.0,999,0.0,0
5bf397d04035b5f45cc41e82ec106803,2018-03-13 17:16:23,Direct,22.28,reseller,255.0,19,1525.0,1
bbe9a13ea83539951c8edfc200565bad,2018-04-26 13:40:00,Organic Search,28.93,manufacturer,0.0,999,0.0,0
e00c0a3af0718a2ecf6618c84cd1b1ff,2018-11-01 11:47:50,Organic Search,20.19,reseller,0.0,999,0.0,0
8bee95b757e33c86511de3f9311100b9,2018-02-27 13:54:11,Unknown,33.99,reseller,0.0,999,0.0,0
d1ef48b38baca7e831711c4a0aeb398f,2018-02-15 17:22:47,Organic Search,20.2,reseller,16.99,4,1469.12,1
e5cbe890e679490127e9a390b46bbd20,2018-04-25 22:04:32,Paid Search,63.33,manufacturer,329.99,68,908.99,1
e6bb1e7ea5580c5b9f0970407b3f8c7b,2018-03-29 18:12:58,Unknown,42.11,manufacturer,0.0,999,0.0,0
0b0c50f6ddac7e6e7ed9d513ec122c74,2018-06-06 13:53:35,Organic Search,26.57,manufacturer,0.0,999,0.0,0
723cd880edaacdb998898b67c8f9da30,2018-03-09 20:12:38,Paid Search,72.32,reseller,306.59,17,2136.53,1
a2fbfee48b1a9b455b126c70e421ec91,2018-04-25 16:22:26,Referral,14.95,reseller,0.0,999,0.0,0
7020bbe82544a814b5665a2887119267,2018-05-25 15:00:14,Referral,13.01,reseller,0.0,999,0.0,0
36f98ad67cc981f50ce8aed093d5783c,2018-05-16 13:32:26,Social,55.36,reseller,50.0,7,119.4,0
8c6d188ef073e289887bc52bc37f3e61,2018-09-14 14:43:50,Paid Search,66.04,reseller,0.0,999,0.0,0
99a6380f4dd5ed504cd8003d94d0be25,2018-08-08 21:14:25,Organic Search,26.38,reseller,0.0,999,0.0,0
83c465a786b06574376909b35ef6752a,2018-04-23 19:26:30,Paid Search,75.9,unknown,93.8,10,281.4,0
6c99c983ce3b6ba0ab813e6790e81691,2018-04-16 18:25:12,Direct,22.36,reseller,82.64,8,546.75,1
5e105f5c9f63f5f1fd75d6cb942e55b1,2018-01-30 11:42:01,Unknown,43.65,manufacturer,159.0,0,1471.9,1
bdae679a9b282249bc23b9b69dae9a99,2018-01-24 15:19:49,Direct,22.61,reseller,59.99,85,663.15,1
3387acafd8bea46d73fc50cc9f7e2a9a,2018-05-15 21:17:04,Other,47.86,reseller,0.0,999,0.0,0
52a50b42accf164f9f019941e5759d9b,2018-05-04 03:00:00,Organic Search,22.89,manufacturer,39.99,3,139.96,0
45f04cd6eccb0a2ab2ed62d4939ca2d2,2018-03-16 19:52:21,Social,53.81,reseller,0.0,999,0.0,0
da7039f29f90ce5b4846ffc0fcc93beb,2018-02-27 17:13:23,Organic Search,25.59,reseller,49.8,19,1259.1,1
59055625da956ae84296c08491141984,2018-04-30 19:28:30,Organic Search,27.46,reseller,0.0,999,0.0,0
47ff0b75e3609b6b80fbd1450384a623,2018-05-04 03:00:00,Organic Search,23.82,manufacturer,0.0,999,0.0,0
f22a247b79dd22ecd91dc8e3b2a1b07c,2018-04-18 14:08:11,Unknown,42.5,manufacturer,39.99,12,439.94,1
87193a47e93a5c1912254392431f524d,2018-02-15 14:37:04,Unknown,38.72,manufacturer,0.0,999,0.0,0
b12cce16926aca79e4dc5483947792cc,2018-04-27 16:24:00,Social,54.22,reseller,0.0,999,0.0,0
98932494b926a74eda339b76ce0b4bc0,2018-05-25 22:37:08,Referral,19.79,reseller,0.0,999,0.0,0
9966324e28b7fa38165d2d3d12d53b7f,2018-09-24 20:45:42,Paid Search,53.26,reseller,0.0,999,0.0,0
7cae39bbb9e55772693688c5afd957e6,2018-03-07 13:56:43,Social,46.44,reseller,0.0,999,0.0,0
bb7ad8a45c027be8ab075b8e465f8ca0,2018-05-21 19:55:20,Paid Search,57.55,manufacturer,9.99,5,19.98,0
3b945b144f631e998d7e484cc48b3783,2018-08-20 21:05:48,Paid Search,50.4,reseller,0.0,999,0.0,0
1cbd32d00d01bb8087a5eb088612fd9c,2018-05-02 14:23:32,Organic Search,22.97,reseller,275.5,25,1045.47,1
28d365edb9c888771df5915b575f8f34,2018-05-24 16:47:23,Organic Search,27.25,reseller,0.0,999,0.0,0
67edf85a314145ec81e546794dbc31cc,2018-01-18 20:02:48,Organic Search,24.15,reseller,0.0,999,0.0,0
4f6bf26bd1ecc9aa855e9cce6869b566,2018-05-11 17:24:16,Direct,22.52,reseller,0.0,999,0.0,0
ffc470761de7d0232558ba5e786e57b7,2018-02-14 11:48:29,Unknown,45.23,reseller,29.9,3,1649.01,1
07de60b03d150fb3ea09eab5da5e4c8b,2018-01-24 17:14:32,Unknown,46.37,manufacturer,89.9,8,719.1,1
86ff3eaef0267069cc891a2ed9d10a17,2018-03-29 18:06:54,Unknown,39.67,reseller,22.49,1,409.75,1
299c89a525fee36c567f4fe72f038100,2018-02-28 03:00:00,Organic Search,29.06,manufacturer,469.0,37,658.0,1
fc7adf89a5d4fb88c007094fdae351c4,2018-02-27 12:23:13,Organic Search,25.28,reseller,0.0,999,0.0,0
f66425655311542de5db64f27d0d5651,2018-03-19 17:36:04,Direct,19.79,reseller,0.0,999,0.0,0
3ea08c48e851106d2f584349daba335f,2018-04-19 17:11:18,Social,51.08,manufacturer,170.0,999,170.0,0
bea51724befa11664f1d44a92ba8f4c3,2018-04-18 19:01:21,Unknown,32.89,manufacturer,0.0,999,0.0,0
528f22dfa20a3de9375b2b38e49cc617,2018-05-04 03:00:00,Social,49.14,reseller,0.0,999,0.0,0
2d34636518ba88f5349b732fcf8ba2e4,2018-02-19 20:21:26,Unknown,38.28,reseller,150.0,999,150.0,0
e6cf587c2552879f7471e7e8c993ea1c,2018-05-07 18:22:39,Social,60.3,reseller,0.0,999,0.0,0
503ad3c3811010c6ba4577f411724b13,2018-04-27 03:00:00,Paid Search,84.45,reseller,0.0,999,0.0,0
e8dba4d70f7f2b20e775d09cae01142d,2018-05-14 20:15:57,Direct,18.35,reseller,74.99,9,855.91,1
bbe87dce25ba8b38bb61cc7210a3f10b,2018-03-22 15:07:28,Organic Search,26.18,reseller,68.0,104,287.0,0
9e3f08af3b6caa76962b05087eed5425,2018-04-16 16:58:06,Social,48.13,manufacturer,0.0,999,0.0,0
94165aea8a35c3c21499cbcae239b16c,2018-03-16 14:14:20,Paid Search,73.99,reseller,180.0,999,180.0,0
43ac443db8d4fbfb1454aa1364404264,2018-04-06 16:56:39,Organic Search,24.61,reseller,0.0,999,0.0,0
54212aa507a8696b0766046bd3aecdc3,2018-03-15 12:43:46,Organic Search,19.51,unknown,0.0,999,0.0,0
267116eae2e631a965ef86be260f9278,2018-03-07 19:04:28,Organic Search,27.78,manufacturer,0.0,999,0.0,0
3d2531eccfbde1d7c8db7a3a12fb267a,2018-03-09 12:49:20,Organic Search,23.18,reseller,99.99,11,1999.54,1
770145ac7913d8d3ace8aa83a1304938,2018-03-26 20:54:23,Social,51.48,manufacturer,0.0,999,0.0,0
cf8ca2db83470a73b7cebdd86ea96fb9,2018-03-21 16:16:52,Organic Search,21.79,reseller,0.0,999,0.0,0
b6584a94139a5dd427c5b2d918116197,2018-03-12 13:00:43,Unknown,36.86,manufacturer,0.0,999,0.0,0
89d394e1e062b0c231c559196aa7e18c,2018-05-02 17:29:18,Unknown,42.05,reseller,0.0,999,0.0,0
2f7c0e24a8a8fa5c807b59f66c2e9637,2018-07-09 03:00:00,Unknown,39.09,unknown,0.0,999,0.0,0
81cce42d33ddf3d4f89f1d476b5e35e7,2018-05-30 13:34:09,Organic Search,25.99,reseller,0.0,999,0.0,0
68c701b433babf6e12018f1a674d3228,2018-05-09 16:52:06,Organic Search,26.09,manufacturer,0.0,999,0.0,0
184725737946a1a938bbbd1a9e978103,2018-04-20 20:48:35,Unknown,46.34,reseller,109.9,3,359.7,1
528e4514f9339c1c3dd7535fd1a2d8cb,2018-03-08 15:01:48,Unknown,38.35,manufacturer,0.0,999,0.0,0
2ba91c7ad80ff88b23b7db823b43c233,2018-01-18 11:22:24,Direct,18.1,reseller,158.0,4,740.4,1
bf0d50a6410d487dc97d2baac0a8c0be,2018-04-09 18:22:46,Organic Search,28.2,manufacturer,0.0,999,0.0,0
18d5b01a5ca858cf540df954e063978d,2018-02-02 16:44:11,Unknown,38.41,reseller,0.0,999,0.0,0
ce77b964b9986a57b37b928be67d9959,2018-02-23 12:03:59,Unknown,45.35,reseller,0.0,999,0.0,0
1b69e7630792e60471efca457d5b57af,2018-08-15 19:09:36,Organic Search,26.15,manufacturer,0.0,999,0.0,0
9da15f4a4ea758d9eeb49000dbe57e22,2018-03-09 03:00:00,Unknown,39.37,reseller,196.9,999,196.9,0
5a4473aa20aec979dea3eee0822165aa,2018-10-10 16:35:47,Direct,22.92,manufacturer,0.0,999,0.0,0
573becd44db78cee00182ec4a5594806,2018-04-20 20:11:23,Organic Search,30.85,reseller,0.0,999,0.0,0
0a85ebe4e328db81ac9109781205e2f7,2018-03-15 17:13:24,Organic Search,31.23,manufacturer,60.0,52,667.9,1
7f5e4d5efad7e44b91115dd1decb65f3,2018-04-09 21:04:41,Organic Search,25.21,reseller,59.9,80,179.9,0
b18791c7580856ccf7c72d22acd59873,2018-06-19 21:04:53,Organic Search,25.48,reseller,0.0,999,0.0,0
48fa294ea8e32148c8dba7a692b72bfc,2018-04-12 12:35:49,Paid Search,79.04,reseller,0.0,999,0.0,0
1b4b28463457a256e9a784ebe2a8f630,2018-04-23 20:40:04,Unknown,35.94,reseller,699.42,999,699.42,1
42fa4ee7240e9b8eb4576358ec142ba7,2018-01-29 12:15:43,Unknown,41.6,reseller,185.0,1,3845.7,1
89a51f50b8095ea78d5768f34c13a76f,2018-04-10 19:17:03,Paid Search,69.78,reseller,14.8,0,677.16,1
f9ec7093df3a7b346b7bcf7864069ca3,2018-05-11 17:09:22,Paid Search,72.64,reseller,26.5,1,519.2,1
7238a95bb63ef7e498389fb863b834a1,2018-03-26 12:07:20,Paid Search,63.0,manufacturer,329.0,34,2265.7,1
294e164108bc80d8fbf5ee39c448461c,2018-04-03 20:39:13,Social,44.51,reseller,0.0,999,0.0,0
850913d59ce317156b00f3705f1c3edb,2018-02-08 17:29:13,Paid Search,52.59,reseller,135.0,1,2648.0,1
e19d488f67425e5a884abb42dfa0c458,2018-08-30 22:34:38,Organic Search,21.65,reseller,0.0,999,0.0,0
e1c76f339ebd5460999f25a2aa8c92c5,2018-02-08 17:10:00,Email,14.17,unknown,899.9,999,899.9,1
72c38a04bd6a1c3dbc5298425a0db86d,2018-03-06 11:29:22,Organic Search,24.12,reseller,214.6,29,647.3,1
6de5884cc604dc6798577fbf91e86836,2018-03-27 17:57:49,Unknown,49.3,reseller,0.0,999,0.0,0
ce4f1d45100bd92470c482527f73f72d,2018-03-29 17:45:03,Paid Search,79.29,reseller,0.0,999,0.0,0
7d2d952e020034f05b4b7a7222563d89,2018-02-22 13:28:41,Paid Search,61.92,manufacturer,0.0,999,0.0,0
e157c96a8e7711636119c6af8e7cf85f,2018-02-26 14:46:28,Organic Search,26.04,unknown,0.0,999,0.0,0
57df9869a600bd6b7c405f2a862eccfb,2018-01-16 12:36:23,Paid Search,66.58,manufacturer,25.0,56,125.0,0
fdde1d384dea864917f6b8f2d330986e,2018-01-23 18:30:32,Organic Search,24.15,manufacturer,0.0,999,0.0,0
2fc89ae84d3c48eda4b268408f6ad6d7,2018-07-10 15:57:10,Paid Search,71.56,reseller,0.0,999,0.0,0
bfee0cb1dc3d4e4a2d625daeafaa3d3e,2018-04-12 21:32:57,Unknown,42.97,reseller,0.0,999,0.0,0
4e480be820e37de1444325ff358c9296,2018-05-30 17:49:58,Unknown,38.37,reseller,430.3,0,430.3,1
ce4755084bc097113867e6454f8f5e52,2018-05-08 17:48:59,Paid Search,78.94,manufacturer,18.9,999,18.9,0
500b5e25308adf85bbc0bbc52c3dc05b,2018-04-24 03:00:00,Organic Search,21.57,manufacturer,0.0,999,0.0,0
ca7c6bd577e559472af1c699de9e764e,2018-03-15 21:09:42,Email,15.01,reseller,18.5,1,148.0,0
2866098c2a38fb723ee05f5b65635df0,2018-02-09 15:46:42,Paid Search,91.82,reseller,0.0,999,0.0,0
767f9c7cc8d4c288b891893b61f3a2ca,2018-03-06 13:29:10,Email,15.4,manufacturer,0.0,999,0.0,0
19d7a4faa5de92caef9ad5128e6b1467,2018-03-14 12:24:20,Organic Search,29.3,manufacturer,0.0,999,0.0,0
3cbdc3237aa8afe44324bda4a1ccf676,2018-10-03 18:32:49,Paid Search,70.77,reseller,0.0,999,0.0,0
d687681225767af6d214d1b3ae13f66a,2018-06-11 19:23:48,Paid Search,74.88,reseller,0.0,999,0.0,0
13511db12ac61e2f89c53b72a944a60b,2018-02-22 18:03:54,Display,59.59,manufacturer,134.0,25,798.0,1
d3dcf0604eabf0224fbd5948b5e02f69,2018-02-02 11:22:56,Unknown,39.18,reseller,349.9,8,2902.3,1
7ade73f1b9b4e965f9009a4c3a7e2c15,2018-03-22 13:14:56,Organic Search,22.66,manufacturer,69.9,10,1880.3,1
87d3c3aeb3ead335511b3ce315eb341e,2018-05-14 13:25:24,Direct,23.14,reseller,14.99,5,749.35,1
9cec48faacf156410e6c576bcefdade5,2018-04-12 14:02:51,Display,53.87,reseller,0.0,999,0.0,0
ae45df84722b1d15c5f32b23a095746c,2018-01-30 17:39:30,Organic Search,27.0,reseller,28.0,103,901.83,1
cad9969167c09b48ae6f1d123f7fa68d,2018-02-07 15:45:25,Direct,24.87,reseller,24.0,999,24.0,0
8f014a85666ef7e6a98b99a7e136bacc,2018-01-19 02:00:00,Organic Search,26.1,reseller,0.0,999,0.0,0
85044848b1b767db2a4a58526adef4b4,2018-02-05 20:03:48,Referral,17.38,reseller,104.9,33,240.6,0
9c1c0c36cd23c20897e473901a8fb149,2018-03-19 20:26:27,Organic Search,26.36,reseller,105.0,6,544.97,1
ce20a2ec1514c25e16f2b5b39bc818f0,2018-02-05 18:10:27,Organic Search,24.07,reseller,41.0,4,287.0,0
2157c762d011d8bdf2097f45d80df0ef,2018-07-18 18:48:13,Referral,20.02,manufacturer,0.0,999,0.0,0
cad10cc982ab6a391570c211b995c17c,2018-03-14 16:52:04,Email,11.7,reseller,47.4,999,47.4,0
fe1f84058e11c26fe9582167f47c343c,2018-05-14 13:36:50,Unknown,38.39,reseller,0.0,999,0.0,0
b89f350d98e85cdac1137510bd7b566e,2018-04-30 18:30:12,Referral,13.7,manufacturer,0.0,999,0.0,0
f085a186e0ab15cb03a8bf46e07a8397,2018-01-24 11:33:32,Paid Search,57.44,reseller,0.0,999,0.0,0
72bb43f9683adea77d240b7985e2dfa2,2018-03-27 03:00:00,Organic Search,29.09,reseller,0.0,999,0.0,0
e77e2e91d8ba596f5bce16b906255fe0,2018-05-22 12:44:38,Organic Search,27.69,manufacturer,0.0,999,0.0,0
7d7d2b7a51328016102d4528c411d630,2018-03-14 12:23:39,Unknown,36.55,reseller,262.0,8,918.8,1
651530bf5c607240ccdd89a30c9c9712,2018-06-27 15:12:26,Paid Search,57.38,manufacturer,199.9,999,199.9,0
d8887be1427e48581e65fed5faf03bce,2018-08-21 12:30:34,Unknown,25.77,reseller,0.0,999,0.0,0
5670f4db5b62c43d542e1b2d56b0cf7c,2018-03-26 20:42:32,Paid Search,65.43,reseller,7.65,0,6630.09,1
98151b0a22aa6e9ac06a7bb854fa6959,2018-04-30 14:27:15,Organic Search,32.26,manufacturer,0.0,999,0.0,0
929f342384a6607afe143d789ade1316,2018-04-11 13:39:02,Unknown,42.09,reseller,99.0,5,209.4,0
4c18691b6037662be2df78a765d98ab5,2018-01-22 15:28:51,Unknown,37.31,reseller,13.6,29,3195.52,1
aa2640d851ec322526f1295bbeb20092,2018-02-07 11:14:36,Organic Search,26.4,reseller,159.98,0,159.98,0
19d62d484cba71963c93f0f00ab42013,2018-03-14 19:43:52,Unknown,32.51,manufacturer,139.9,999,139.9,0
f2c87addc7e39e1c73457c4ec85ed728,2018-09-27 17:36:04,Organic Search,24.11,reseller,0.0,999,0.0,0
5b0cc932433fa5184b5b94bfe6bcc256,2018-05-17 12:42:15,Social,55.66,manufacturer,160.0,0,1437.8,1
252b493131fc46ee4a19fbfcbd565676,2018-06-04 12:47:47,Organic Search,24.74,reseller,0.0,999,0.0,0
0502e5d79bd91b34b68cef9b3b45230c,2018-05-18 19:32:40,Unknown,43.8,reseller,0.0,999,0.0,0
cd2169d9f31ff6fbb9ca3373b0c9e354,2018-04-23 21:07:06,Paid Search,72.9,reseller,569.0,999,569.0,1
9aa388272ee334b6ae07bc73706e254a,2018-02-19 19:49:04,Paid Search,75.61,manufacturer,96.0,48,678.0,1
dc00a47754c9e2eda1f84b0bff6ee95e,2018-04-23 13:23:55,Organic Search,22.93,reseller,0.0,999,0.0,0
1fe5540d7c1c37a595fefbacd5570d9e,2018-07-20 18:18:14,Paid Search,77.54,reseller,189.0,0,4537.6,1
dd3c4f2160ceb84483c6ef84ddc541e0,2018-07-20 20:30:20,Organic Search,29.89,manufacturer,0.0,999,0.0,0
bce6a5ecf98e99fd2a8868b15c51f04b,2018-04-13 03:00:00,Paid Search,61.85,reseller,799.0,0,3464.9,1
5f4ffce0fafd72596bcb09d1467981c2,2018-07-09 12:54:57,Paid Search,62.54,manufacturer,0.0,999,0.0,0
902c99f1ac505c0d18778b61bcd636f7,2018-07-13 11:53:00,Organic Search,29.01,reseller,24.49,7,157.96,0
2e7ea2aafec5835e781b21d6d1faf1f1,2018-05-21 17:41:31,Email,14.66,reseller,69.0,27,528.4,1
b3809b8d4394588a47c8470ea331e135,2018-04-10 19:34:27,Direct,25.71,reseller,89.0,999,89.0,0
674207551483fec113276b67b0d871ff,2018-03-29 17:05:39,Direct,20.83,manufacturer,119.9,999,119.9,0
63c6951772f3f4fc4e40ffd24207fd19,2018-03-09 13:45:50,Organic Search,29.37,reseller,0.0,999,0.0,0
2ec7ffe99ecc5afc2e48920c9d1fbff6,2018-01-12 12:23:31,Organic Search,25.39,reseller,0.0,999,0.0,0
455befea1bb853c75ccbca94cff26e5c,2018-04-20 16:29:28,Organic Search,25.77,unknown,19.99,999,19.99,0
9fbe791853dbd2e3894d85162a8ff934,2018-10-02 21:25:39,Paid Search,83.14,reseller,0.0,999,0.0,0
dace965ca58120f92f8d742a9fa1864b,2018-01-30 12:17:36,Organic Search,23.91,reseller,169.0,8,1442.0,1
ea4e9ce63a2134743b4a92777437fcdd,2018-03-20 13:53:13,Organic Search,22.18,manufacturer,167.9,61,316.6,1
19d2a3535e887b30be7081676fb1a499,2018-04-13 03:00:00,Email,14.19,reseller,0.0,999,0.0,0
a0ed0c00bfd64109d4ea03c97cc12486,2018-10-08 17:22:23,Unknown,42.17,reseller,0.0,999,0.0,0
8116eb23b96c15ec02dd90632371494c,2018-01-29 10:35:52,Direct,17.87,manufacturer,0.0,999,0.0,0
39cd336c2436c88d88096f7ef9305026,2018-03-27 21:32:52,Organic Search,26.91,manufacturer,0.0,999,0.0,0
48e954b2da4f6a750c844173b347ed40,2018-02-15 12:24:37,Social,51.44,reseller,119.0,27,397.8,1
694892adec9a8e54155c2a2e99b6bd0c,2018-04-03 12:21:09,Organic Search,28.44,reseller,0.0,999,0.0,0
a0b6a15b3b776d289bb0eca2d9115eaa,2018-10-29 16:54:59,Paid Search,49.89,reseller,0.0,999,0.0,0
f177c11663deb4c3c07af399b26f5110,2018-05-15 13:29:59,Social,49.81,reseller,0.0,999,0.0,0
abc39d62971a3ef6d4b285f65513006f,2018-10-24 11:33:31,Unknown,31.9,reseller,0.0,999,0.0,0
28c7d8743fbc8679f484868cc0fcaefb,2018-03-23 19:52:00,Social,49.55,reseller,80.5,38,201.5,0
b15dd2f0fabf60d00bb3bc95834fb45d,2018-09-06 16:31:09,Paid Search,72.08,reseller,0.0,999,0.0,0
c38c6d00a783927b6a3df86ea650ed4f,2018-04-27 20:10:02,Unknown,39.14,reseller,0.0,999,0.0,0
186cdd1b2df32caa72cfb410bba768d3,2018-03-01 19:48:16,Unknown,38.78,reseller,109.9,60,1341.45,1
fac1a9017ade7bdc94058fc1c969f355,2018-04-27 12:39:38,Unknown,39.24,reseller,218.2,11,2010.84,1
269c5fc9fcadee614364c3620c30a1f9,2018-06-21 12:39:59,Paid Search,71.71,reseller,90.0,0,209.6,0
516e7738bd8f735ac19a010ee5450d8d,2018-05-08 13:32:34,Paid Search,61.53,reseller,166.0,0,6643.09,1
fb66238168277301f44d960416bf5c1f,2018-10-05 12:35:50,Social,59.67,manufacturer,0.0,999,0.0,0
8ba4b332e611171e234324cf3f9f28e3,2018-02-14 17:11:22,Organic Search,26.99,manufacturer,0.0,999,0.0,0
4ac30efebddcd090914475c8201899b4,2018-01-29 02:00:00,Organic Search,26.16,reseller,0.0,999,0.0,0
5544a079319b0984ee5d3ea03ea57da2,2018-02-19 21:08:55,Unknown,42.67,reseller,0.0,999,0.0,0
8caafb23d9d6b7e75485fcc2bdc260e0,2018-05-10 18:11:09,Unknown,41.42,reseller,0.0,999,0.0,0
dd27d8e77c7920dc26f5da40bf65ce73,2018-09-04 14:34:07,Paid Search,87.09,reseller,0.0,999,0.0,0
de83e0600df76319c24c3670ebcb2d5f,2018-04-13 21:53:17,Social,54.43,manufacturer,0.0,999,0.0,0
85182120f8a3331fcddb54f27a77dda2,2018-03-02 16:20:21,Organic Search,24.08,reseller,0.0,999,0.0,0
bb219facd42c2384181e8f3330b42df9,2018-02-20 19:40:05,Unknown,36.38,reseller,0.0,999,0.0,0
788e857f317e53de488d393e65a80f45,2018-04-05 14:44:21,Organic Search,21.9,manufacturer,110.0,4,1210.0,1
a99634624f85b4f63f87bc334b846962,2018-03-26 21:56:43,Paid Search,59.55,manufacturer,0.0,999,0.0,0
b8caedd58f7afe8fea08b95f272bc080,2018-05-02 17:22:49,Paid Search,62.53,reseller,0.0,999,0.0,0
3844ab927429de8fcb426e4886024ee9,2018-08-22 13:14:44,Organic Search,24.79,reseller,0.0,999,0.0,0
c7471f493e0cf386881d09659a4a32a4,2018-02-23 20:27:56,Organic Search,26.0,reseller,0.0,999,0.0,0
74636e24f01da9268b0ed88dacd8513e,2018-02-28 16:19:57,Paid Search,70.43,reseller,189.0,13,776.0,1
2039c5e51785b5dde7cf93ccb3b7be2c,2018-06-14 15:43:46,Paid Search,63.57,reseller,159.9,999,159.9,0
bb94878eed7bad1bdd88e19f6c322f8e,2018-04-13 18:12:32,Organic Search,27.7,reseller,0.0,999,0.0,0
9ac4f14370b1e24ddc58be041b7f99df,2018-01-31 16:40:54,Direct,23.95,manufacturer,45.5,36,314.51,1
fe53fc6949a462475c07fcb57ead57ce,2018-03-09 20:05:55,Unknown,39.23,manufacturer,0.0,999,0.0,0
a11a0e0ca67423425691db355cff69b0,2018-05-04 03:00:00,Paid Search,64.52,manufacturer,259.9,10,448.9,1
89757206b887aed36f3e18d858460fea,2018-02-27 20:53:04,Unknown,42.63,reseller,81.0,62,120.5,0
6bd503a8230299c9316fb0f726933927,2018-05-21 21:21:21,Paid Search,71.58,reseller,178.2,0,324.29,1
3903c788ded8dc03b5ebab37a2f3e9a1,2018-04-09 12:26:37,Unknown,33.05,reseller,12.0,24,119.98,0
837db36e3b34fffca8725343601a74a7,2018-07-12 19:56:39,Unknown,39.67,manufacturer,0.0,999,0.0,0
62b967c1884c0e9ca8b9dba64be0b136,2018-07-31 13:29:15,Direct,22.69,reseller,0.0,999,0.0,0
e58a75d874cd483e80fb3ba9aa35db51,2017-12-14 11:30:13,Paid Search,62.44,manufacturer,0.0,999,0.0,0
094ced053e257ae8cae57205592d6712,2018-03-13 12:33:10,Direct,22.5,reseller,45.9,1,1519.2,1
2bee35533016f9992645dd6df0eca7e4,2018-04-05 13:18:02,Organic Search,20.64,manufacturer,0.0,999,0.0,0
54583ab379489add547fe47b628db589,2018-05-30 16:07:26,Unknown,46.41,reseller,250.0,0,2240.0,1
c846aef46d0aa00378cc6c24fd7fb474,2018-04-23 16:16:57,Direct,25.29,manufacturer,0.0,999,0.0,0
c092292535a57dacd95a8765f5518f87,2018-03-26 16:07:32,Display,58.18,reseller,125.0,999,125.0,0
00065220becb8785e2cf78355eb9bf68,2018-07-10 11:34:50,Paid Search,73.05,reseller,0.0,999,0.0,0
c70c1b0d8ca86052f45a432a38b73958,2018-03-13 21:39:34,Paid Search,49.76,reseller,110.32,2,36537.37,1
8ec9a02e1c573e5ebf9133968d9b0042,2018-02-28 21:24:13,Organic Search,21.53,manufacturer,0.0,999,0.0,0
a53f60f05f822b5c621a50ff6a5cb362,2018-04-04 18:53:19,Organic Search,24.12,manufacturer,69.9,49,415.4,1
a86bf7a9ba609d0527f10ea8f0a5446c,2018-05-08 20:14:11,Unknown,34.85,manufacturer,0.0,999,0.0,0
88ef59b51bdaa941d10a853429f2b6ce,2018-04-18 20:05:55,Organic Search,27.14,reseller,229.0,45,252.9,0
7d81e74a4755b552267cd5e081563028,2018-05-14 12:26:01,Paid Search,86.78,manufacturer,32.5,999,32.5,0
9b1f656ca3060f8af17a50d8a024b533,2018-05-15 20:34:06,Organic Search,21.47,reseller,28.5,28,41.0,0
f50d9d5fa45cba8c1a6b643987810c34,2018-08-24 11:54:08,Paid Search,62.97,reseller,0.0,999,0.0,0
f3c747c1913de1af068d8feb79900063,2018-04-06 16:27:35,Unknown,41.13,manufacturer,0.0,999,0.0,0
157497483bb7876340ea4441c9bd1774,2018-08-20 17:50:56,Organic Search,29.83,reseller,0.0,999,0.0,0
b031973a2fadbc89767531a45ca39e40,2018-04-27 16:17:37,Unknown,34.13,reseller,0.0,999,0.0,0
0255dc67cb6bad298606136951ab1877,2018-03-06 18:49:03,Organic Search,25.75,reseller,0.0,999,0.0,0
a2d528e2abdf88afe0d245519b3b3d65,2018-04-30 03:00:00,Email,18.28,manufacturer,0.0,999,0.0,0
77a515caa36327151d1cc6c32a9f00e1,2018-02-15 14:58:37,Paid Search,56.13,manufacturer,76.0,2,2217.39,1
ba90964cff9b9e0e6f32b23b82465f7b,2018-02-09 17:10:58,Organic Search,21.16,reseller,140.0,14,44212.5,1
791a644d62fbd7a1fdabda6fc610bf33,2018-04-25 19:19:08,Paid Search,66.44,manufacturer,0.0,999,0.0,0
df1183c2b82ee7ce304ed60ced00949c,2018-04-13 11:56:52,Organic Search,23.44,reseller,0.0,999,0.0,0
0ffe89723de9b21041556d02e9b21a8b,2018-01-25 15:03:55,Unknown,43.9,reseller,0.0,999,0.0,0
43402bdf22aa2310e8f99e2f94f78628,2018-04-05 18:45:56,Unknown,41.16,manufacturer,189.99,0,649.95,1
28f10b1c5e5abb9d4857745bede6147c,2018-04-10 14:05:56,Social,43.29,reseller,10.0,0,835.0,1
414cc02d780baaa13439c37bd89641ef,2018-02-26 18:32:05,Paid Search,74.33,reseller,0.0,999,0.0,0
1961c3e1272bfeceb05d0b78b5bbfdaf,2018-06-07 14:21:17,Unknown,37.23,reseller,438.0,0,657.0,1
68175a6b26cdbc4b3a51ed5353276e4d,2018-01-31 20:47:51,Paid Search,80.71,manufacturer,0.0,999,0.0,0
7adbd3210a7b3cc2235e225eef33574d,2018-04-10 22:03:57,Organic Search,23.12,reseller,26.5,41,131.9,0
0b9164d3b23215d4dfee8a045a3a1b3d,2018-04-11 19:00:03,Other,41.56,reseller,0.0,999,0.0,0
7c7d0dee362960b1d9b01fe7284e19ba,2018-08-23 21:56:01,Social,58.57,manufacturer,0.0,999,0.0,0
9f716fbca2fbec913c646e6c60f25b60,2018-02-07 19:54:19,Unknown,43.66,reseller,0.0,999,0.0,0
b8cb8fd0484ee4f796b41e363dcd303d,2018-05-15 20:22:41,Referral,18.97,reseller,0.0,999,0.0,0
33cbbec1e7e1044aaf11d152172c776f,2018-03-06 13:27:32,Unknown,31.91,reseller,74.06,0,730.67,1
d82168bc00226dc72728bc957d2539bc,2018-07-17 17:02:36,Organic Search,26.61,manufacturer,0.0,999,0.0,0
97e50a621f8e801f4baf69e08687c192,2018-02-08 20:28:27,Social,48.17,reseller,89.9,999,89.9,0
f0ec78809fe0bc3edb11c9fe5b97b059,2018-03-19 12:41:03,Unknown,41.13,reseller,24.7,39,62.6,0
6ebf4eceee4dd9847201c82e77ef8123,2018-03-27 14:48:01,Direct,18.24,reseller,59.9,999,59.9,0
02df983480ff75ead8a031a3c7a849ad,2018-04-18 19:05:58,Paid Search,73.75,reseller,0.0,999,0.0,0
594f9aaa48e5bf431f011ddc5669b0d5,2018-04-06 19:42:14,Paid Search,63.22,reseller,39.9,2,3248.8,1
4675c38ffdf3a0c9e9665f629c5c713b,2018-02-06 16:11:05,Paid Search,59.23,reseller,0.0,999,0.0,0
fb6e76ca64c0cc2c2dee53219e685f4b,2018-05-10 19:26:38,Other,48.85,reseller,0.0,999,0.0,0
e504a4e2efaa45cbff7e268a2c58c956,2018-03-28 21:22:04,Organic Search,25.72,manufacturer,99.9,16,1188.8,1
6b90f847357d8981edd79a1eb1bf0acb,2018-05-17 17:22:45,Organic Search,23.16,reseller,65.5,4,3322.08,1
eaeec4fdcdc91ead735718ae9bebcd8e,2018-03-24 03:00:00,Social,64.58,manufacturer,0.0,999,0.0,0
5a4236931428800e9d9cc04af0987118,2018-06-07 13:30:28,Paid Search,66.3,reseller,44.97,0,44.97,0
9e96cf88816c531ac19a680a2fdb78a7,2018-03-14 12:14:58,Organic Search,25.1,manufacturer,0.0,999,0.0,0
603bb4eeb3f0927e59e253357a9ca06b,2018-03-29 13:49:44,Organic Search,25.81,manufacturer,0.0,999,0.0,0
5e7730e8ae6bffdee755a8d31e6b77a4,2018-05-14 19:57:48,Paid Search,64.79,manufacturer,0.0,999,0.0,0
2c2c9832d1bb38c5b0034a3b47d313ee,2018-04-13 16:21:23,Paid Search,73.96,manufacturer,49.9,999,49.9,0
25ca84afdd32ede184dba55631c55274,2018-08-30 12:32:15,Organic Search,23.4,reseller,0.0,999,0.0,0
08220245c361752c4f7bdc9a39821dbe,2018-04-05 15:11:12,Paid Search,66.54,manufacturer,0.0,999,0.0,0
d622a61456dcbf4cc960221e15ac48b7,2018-02-28 18:22:11,Direct,25.6,reseller,0.0,999,0.0,0
34fe2ce0770697c1b8b35c13a8e2f7d4,2018-08-17 19:29:47,Social,48.13,reseller,0.0,999,0.0,0
1832c08bba48a37868d4093259e8c288,2018-10-31 19:17:57,Direct,15.63,reseller,0.0,999,0.0,0
d63f306de130e0391d38a792541723b8,2018-04-25 16:03:49,Organic Search,29.83,reseller,49.0,999,49.0,0
49388b546c8a96b96e9f15b5980b1cd7,2018-03-12 16:40:42,Organic Search,32.65,reseller,0.0,999,0.0,0
596849622429351f47b32e6cae1055ff,2018-04-16 12:26:39,Unknown,38.05,reseller,34.9,3,1104.7,1
9140ef75cc8211c4035935e80e567204,2018-06-05 18:00:37,Paid Search,53.73,manufacturer,49.9,999,49.9,0
7dd3be74c6cd6800d809935ff47bd3bf,2018-03-21 13:03:40,Other,43.32,manufacturer,0.0,999,0.0,0
5fff4dd813a9fe1ce972a80407e16457,2018-04-10 18:22:26,Unknown,38.63,manufacturer,0.0,999,0.0,0
465b4d6f3d04fac8957c6017541df171,2018-03-22 13:02:12,Unknown,39.09,manufacturer,0.0,999,0.0,0
7614a7c196be837b0eba0a3811e51b29,2018-04-16 14:49:40,Organic Search,21.66,manufacturer,0.0,999,0.0,0
63972c86dd9a38da4f3d8b5ccec2ee60,2018-07-13 19:46:12,Organic Search,26.74,reseller,0.0,999,0.0,0
493a261e134421b6d9d997900fa56a5f,2018-03-16 16:20:55,Unknown,42.52,reseller,0.0,999,0.0,0
8ff95b78fd27130aef0a3b68b7124c51,2018-02-23 11:40:05,Unknown,32.83,manufacturer,0.0,999,0.0,0
985c92cc412091f8529c12d7f23d3fef,2018-04-18 16:43:53,Referral,19.51,reseller,67.88,3,1368.5,1
76e8c36299440e255379b5fa7f03f272,2018-09-20 17:13:05,Organic Search,31.16,reseller,0.0,999,0.0,0
26677ff8d8321b864317019c728ac010,2018-04-12 03:00:00,Email,15.31,reseller,0.0,999,0.0,0
c7bb64409aa480bb7d0335faaaf3d242,2018-04-11 17:08:35,Direct,21.11,reseller,13.9,5,97.6,0
1e26c56af8d48424e1df0140a2401f83,2018-02-26 13:02:58,Referral,17.69,reseller,199.0,55,258.9,0
8c818d927ba4145304edccf74293f8b6,2018-10-29 14:54:02,Organic Search,26.85,manufacturer,0.0,999,0.0,0
daf565f087a52def0fd5c5825b3661bc,2018-03-28 13:21:21,Organic Search,19.81,reseller,30.9,10,813.9,1
7ee00840eff17f731c41f35b12184c96,2018-07-13 21:58:39,Organic Search,25.49,reseller,0.0,999,0.0,0
9c7fd21e0aa159b20da593371f08ff7c,2018-02-16 11:56:46,Unknown,38.13,reseller,209.9,97,798.3,1
f002671b6ff4042e52a52aaccba44c0e,2018-03-14 17:31:31,Paid Search,85.52,manufacturer,0.0,999,0.0,0
cb141ec6f444a4cb7a2400aaf80b6fc3,2018-07-02 17:20:22,Unknown,39.16,reseller,0.0,999,0.0,0
508808d438fe2ff972ed13bb8f4a82e2,2018-07-24 19:56:07,Social,66.01,reseller,12.51,0,234.84,0
5084f696554075b9a98403b769f31cd5,2018-04-02 13:03:24,Unknown,34.7,manufacturer,0.0,999,0.0,0
246eefbebdc0c11402ec404e1589de43,2018-05-11 16:16:13,Unknown,42.82,manufacturer,0.0,999,0.0,0
41da412d33e8da4f22baf55cb1bde82c,2017-12-11 18:07:26,Paid Search,72.68,manufacturer,70.0,0,862.9,1
8c4e430c5e662c328d3c84d334871709,2018-07-13 17:38:49,Social,49.26,reseller,0.0,999,0.0,0
cfe94489ddd337d1e29e12f2a7205d10,2018-01-22 02:00:00,Unknown,40.85,reseller,198.0,0,2376.0,1
c611f4ce9ce875bcc063fa97fd4d7d12,2018-03-19 20:39:25,Other,51.55,manufacturer,319.0,999,319.0,1
376643e536ea9ab265065925112a876a,2018-05-17 03:00:00,Organic Search,24.03,manufacturer,0.0,999,0.0,0
b28c0625f1f26655cfa0f370be1164ac,2018-09-05 14:32:37,Paid Search,55.79,reseller,0.0,999,0.0,0
196964603e568f36848694f9274a2acd,2018-05-02 13:39:20,Unknown,39.92,reseller,0.0,999,0.0,0
189ca3538ce9f920cacf0f982cbe223b,2018-04-30 12:04:11,Paid Search,62.42,manufacturer,15.0,14,419.0,1
7877194d40c496d36a88ae5957c5e7d1,2018-04-13 03:00:00,Direct,21.1,manufacturer,0.0,999,0.0,0
9ffca1681e7428db3d75eb4b69ee9599,2018-02-08 13:13:35,Organic Search,24.76,manufacturer,0.0,999,0.0,0
382229d1e840115ffe3dbf5ff460e417,2018-03-27 19:15:09,Organic Search,19.88,reseller,49.9,1,4096.96,1
5bc24d989e71e93c33e50a7782431b0e,2018-03-20 20:23:26,Paid Search,56.43,manufacturer,249.9,5,3148.0,1
5e063e85d44b0f5c3e6ec3131103a57e,2018-03-06 19:38:55,Organic Search,26.45,reseller,22.9,999,22.9,0
164471825a8de8c31eb8cb9375b27243,2018-03-07 19:23:35,Unknown,37.49,reseller,0.0,999,0.0,0
bd585fa4d871cd7600ec8a2b90c57a4e,2018-09-26 11:48:53,Paid Search,48.46,reseller,0.0,999,0.0,0
698f5fa55a5f73d0740e9d9a773e8093,2018-03-15 20:31:54,Paid Search,76.59,reseller,12.0,0,120.0,0
0f5f7caa3e6a2b466fabe6bfaf25b06b,2018-03-26 17:04:23,Paid Search,72.29,reseller,0.0,999,0.0,0
e1dc0754bada9ee4cfe9713f22f61292,2018-03-02 21:18:48,Organic Search,22.86,reseller,45.0,15,885.0,1
e58a5b390e28abc0b216cfb0e07d27d7,2018-01-19 19:29:55,Organic Search,21.05,reseller,69.9,0,1022.6,1
588e81a6924bcffd4e366453885e72b1,2018-10-26 17:06:53,Paid Search,77.02,manufacturer,0.0,999,0.0,0
aae5e7b457a3c72ee230a47d98fceda5,2018-01-17 12:11:20,Paid Search,72.93,manufacturer,327.0,0,604.8,1
dfa0c4c6229ab200a4a1336b4d7128ff,2018-04-20 19:42:05,Paid Search,90.01,reseller,139.0,0,4777.1,1
a31ed365258882cc2a1e25d6710704ea,2018-04-30 21:23:41,Social,57.77,reseller,0.0,999,0.0,0
53088c75f948b48a7ece173ac17f0c12,2018-05-09 13:17:12,Unknown,41.86,reseller,65.9,49,261.7,0
eada4a0629faf243de4159916c10cd1a,2018-03-06 18:14:08,Other,44.1,reseller,0.0,999,0.0,0
0c1d290fe8e252b31ebc2ead30634efc,2018-04-18 12:45:01,Organic Search,27.45,reseller,0.0,999,0.0,0
c33e6d3ad32fd5bec1b0f2522f668213,2018-11-09 20:06:38,Organic Search,26.88,other,0.0,999,0.0,0
fd5564b7d093f9d64d1a5f223dfe43bc,2018-04-06 12:13:08,Unknown,46.01,reseller,0.0,999,0.0,0
2e311c110b108aece4a48ab7165f28b3,2018-02-22 21:25:08,Referral,16.87,reseller,0.0,999,0.0,0
da43bc6766501a2ad1aba35b09b7c9ac,2018-04-10 19:08:35,Organic Search,23.69,reseller,0.0,999,0.0,0
4a4da369ad50f14d48337aa52eb826f5,2018-01-29 15:09:03,Other,42.41,reseller,0.0,999,0.0,0
05e107217c7266362fd44b75b2cd4cc4,2018-05-16 15:05:26,Organic Search,27.37,reseller,25.98,0,193.38,0
7f49fc7a8336278ab1287ed28d565258,2018-04-20 20:24:22,Unknown,47.19,manufacturer,0.0,999,0.0,0
c510bc1718f0f2961eaa42a23330681a,2018-04-10 18:37:30,Unknown,37.8,reseller,2110.0,0,12251.0,1
ae1e6f638fc33a9cdbc2871bf60c6635,2018-04-13 17:03:29,Direct,20.88,manufacturer,0.0,999,0.0,0
4c1c7281388a33dd06daac44f9fadbd1,2018-03-08 18:57:56,Social,57.07,reseller,29.68,12,188.32,0
85ecf03781da592876b7844acc1b729f,2018-04-30 18:24:13,Organic Search,24.26,reseller,92.0,17,251.0,0
968268a686aa05d1f529fb07dff08130,2018-01-22 19:14:25,Referral,20.06,reseller,634.4,38,4677.29,1
ae0728a2cb289dec6d1ceb0b7d6b82c5,2018-04-10 14:43:06,Paid Search,51.09,reseller,0.0,999,0.0,0
8cd5c90bb5fe7f2d779c81bfd6d9ffcf,2018-04-17 13:14:51,Paid Search,63.06,reseller,0.0,999,0.0,0
2d2f1c1a4f518137df3e4d8d5f57beae,2018-05-16 20:25:19,Organic Search,22.65,manufacturer,0.0,999,0.0,0
106ebccfb024488d2dd7aac29c9a20a3,2018-02-05 15:04:41,Organic Search,18.04,reseller,0.0,999,0.0,0
e250d617a0ad591ba9bd663e584a895d,2018-01-15 13:08:11,Organic Search,22.11,manufacturer,192.95,0,904.12,1
1ab0c07336fcfada1d031cf1c9718ca7,2018-06-12 18:59:26,Organic Search,22.25,reseller,0.0,999,0.0,0
53be10ff134691e94a4089b41c75874f,2018-09-11 13:14:37,Other,43.91,reseller,0.0,999,0.0,0
aa3d06427142ec11df8f7df0e159b71a,2018-02-21 14:54:47,Organic Search,28.34,manufacturer,0.0,999,0.0,0
50ca38cf4312fde2e0d35f6169208b54,2018-05-18 17:17:42,Email,14.56,reseller,0.0,999,0.0,0
7c51de0ab286204ce75ff42bf7c10d92,2018-03-14 20:07:27,Direct,19.28,reseller,228.0,4,759.0,1
6a53b90c3ad9e0b56d9fe5c69165fff5,2018-05-09 16:21:08,Organic Search,24.83,manufacturer,99.8,0,139.78,0
e10575e8e45d5d8cedfc60d838ac286b,2018-04-30 20:57:42,Unknown,45.04,reseller,0.0,999,0.0,0
11742f81550ac064cc9a40f67151d9ad,2018-05-31 21:24:31,Paid Search,61.8,reseller,412.0,15,781.9,1
429e2324ee8c0a95b565f78b465e8a07,2018-05-30 16:15:12,Email,13.36,manufacturer,0.0,999,0.0,0
e94b64dc6979b302a5a5be1662c83bb6,2018-05-04 03:00:00,Organic Search,26.68,reseller,182.72,2,306.89,0
52c53edae0e04256ecf6c407608e7e09,2018-04-24 20:43:12,Unknown,38.94,manufacturer,0.0,999,0.0,0
45a9bd664803609f452cce925e21d24d,2018-06-19 12:36:05,Organic Search,26.94,reseller,0.0,999,0.0,0
1444c08e64d55fb3c25f0f09c07ffcf2,2018-02-06 13:55:36,Organic Search,24.96,reseller,2749.0,999,2749.0,1
99d4602ff2c719a03c6d8df853ebedf8,2018-04-25 19:43:04,Paid Search,75.89,manufacturer,0.0,999,0.0,0
d449188091598bf0dbd32c312570f168,2018-06-29 18:28:26,Social,48.17,reseller,0.0,999,0.0,0
a267686cbbbfe674d0834d3ad95df5bb,2018-03-28 16:16:34,Unknown,39.94,manufacturer,0.0,999,0.0,0
9f15313cc96cd611d45e63eab4170bf1,2018-03-02 12:58:05,Social,53.61,reseller,0.0,999,0.0,0
a1617fea9bff799a4d5b3db7a7baa713,2018-07-06 17:10:17,Social,46.98,reseller,0.0,999,0.0,0
5f57db27027655e6c6a391601daa0258,2018-02-08 13:10:58,Paid Search,56.87,reseller,98.0,999,98.0,0
eb9267cccc90f1b49c8d2f9887c7dd97,2018-04-20 12:20:34,Organic Search,27.06,reseller,319.9,999,319.9,1
abbc2aa191ecd8fbb5be1701d7bb6ef4,2018-05-21 20:17:38,Organic Search,23.95,manufacturer,0.0,999,0.0,0
ce616e1913288884e7742faac9d981db,2018-05-07 16:18:52,Direct,19.3,manufacturer,99.9,5,365.1,1
65b6aa01895e9ddce79b482da06dda9d,2018-04-13 14:30:12,Unknown,39.54,reseller,0.0,999,0.0,0
8ed21f7ffec3a30e915d8e85eb3c4f72,2018-06-08 12:15:38,Paid Search,79.48,reseller,0.0,999,0.0,0
6a87cbc1ebb8046bb3a851059feb6df3,2018-10-18 16:27:51,Organic Search,18.16,manufacturer,0.0,999,0.0,0
88cf19ec1fc2c58f161aee259d57142c,2018-04-27 14:01:59,Organic Search,20.51,reseller,130.0,10,1372.97,1
1c16af6213cf83914774c6490065da81,2018-04-04 18:42:57,Unknown,35.57,reseller,0.0,999,0.0,0
0b1ca3ef18a63d7eb0c8897fa0849c08,2018-01-29 12:10:19,Organic Search,29.38,manufacturer,55.0,999,55.0,0
f3c38ab652836d21de61fb8314b69182,2018-03-28 18:50:57,Paid Search,72.37,reseller,360.0,7,1581.0,1
d598f929fc44e1e38678e7f47250ec04,2018-04-20 18:13:06,Organic Search,27.3,reseller,69.9,999,69.9,0
f1fd6779d8d9afe83f4135a22903f22b,2018-03-20 17:30:41,Unknown,34.53,manufacturer,0.0,999,0.0,0
36637850ddda5031f5bcf5499dd955a3,2018-04-11 12:24:58,Unknown,34.63,reseller,0.0,999,0.0,0
134c69b4dff67e40a022dd8bf81e002e,2018-05-15 17:20:12,Paid Search,73.76,reseller,0.0,999,0.0,0
34f563c82a85b99ae9e6d60db5fc2e28,2018-04-04 19:56:06,Organic Search,25.17,reseller,189.9,13,2332.3,1
a7a9b880c49781da66651ccf4ba9ac38,2018-04-25 21:02:03,Paid Search,74.61,reseller,74.9,27,307.6,0
bf1f3d5402ed867f05bed505a3b2a05a,2018-02-14 11:14:12,Unknown,39.1,reseller,0.0,999,0.0,0
ba87e2cbb33c1412290b8ccc37301672,2018-03-07 14:58:07,Other,46.5,manufacturer,0.0,999,0.0,0
28872dc528e978a639754bc8c2ce5a4c,2018-05-09 14:24:56,Paid Search,71.33,manufacturer,1009.9,999,1009.9,1
758fbe94c656fc484d204e7d60808484,2018-03-09 17:59:38,Direct,24.05,reseller,0.0,999,0.0,0
64c9a1db4e73e19aaafd3286dc448c96,2018-08-07 17:17:28,Organic Search,27.42,reseller,439.0,999,439.0,1
271c58a1d139c45eaf3316107c6d3a3b,2018-04-12 13:58:09,Organic Search,20.14,reseller,99.99,4,3897.52,1
6548c2550b6e2d8f18053216e1c7b6f3,2018-04-23 20:19:56,Organic Search,18.26,manufacturer,178.0,0,217.7,0
41b14765bd56c8ad10971074380f9c0c,2018-02-15 11:24:52,Paid Search,78.41,reseller,34.5,16,395.5,1
85222e25007ce95bf79c00f643d1e436,2018-02-09 15:37:08,Organic Search,28.56,manufacturer,0.0,999,0.0,0
6eeed17989b0ae47c9f11ece6f38ea90,2018-04-30 16:06:05,Unknown,35.1,reseller,119.0,19,557.0,1
e5d7bbbca541b3b39e1649f94074b963,2018-06-11 21:01:55,Other,34.96,reseller,0.0,999,0.0,0
843c73eda46e28b278031033b616bc8e,2018-08-14 14:48:04,Paid Search,70.83,manufacturer,0.0,999,0.0,0
876300c1c122f7fafd3ba74a478221f4,2018-08-17 03:00:00,Paid Search,77.82,reseller,0.0,999,0.0,0
8f28d70a98ca556691300d08ebdddc88,2018-04-13 20:51:13,Paid Search,85.1,manufacturer,0.0,999,0.0,0
99cd94252748d2bdde08e17858233602,2018-05-08 21:28:11,Social,58.41,reseller,79.9,1,159.8,0
6f83d9e4da896daae20b9b6b2d3ff8d2,2018-03-14 14:24:23,Organic Search,23.88,reseller,57.9,0,765.19,1
e6341a38a2e15b8834ac0410015547e4,2018-04-20 17:53:11,Unknown,35.71,reseller,0.0,999,0.0,0
0b7589387392dd2e2458f86606aa2a99,2018-07-26 16:15:33,Organic Search,25.03,reseller,0.0,999,0.0,0
dc50afafdfa325eadc890c7fa42a8f4e,2018-04-30 18:57:37,Other,43.38,reseller,48.9,9,424.2,1
75e645bd511287258a5afc20acd4e338,2018-06-28 12:33:50,Social,48.3,manufacturer,0.0,999,0.0,0
af3ef48d0e13835e529c29ac573c63e5,2018-05-09 21:35:58,Unknown,49.83,manufacturer,69.2,5,1405.63,1
535bf14f36346c7f59d87cece104d70c,2018-08-07 12:21:06,Paid Search,85.0,manufacturer,50.0,999,50.0,0
7e165d0fd266781dbf944faf150e265b,2018-09-10 18:10:00,Organic Search,28.41,manufacturer,0.0,999,0.0,0
da3b4c4b11a5be0f29634d1e6bb7dce0,2018-01-19 11:26:39,Direct,19.57,reseller,0.0,999,0.0,0
5dc203c7b84a0e71e878a179de05fb9a,2018-03-07 12:25:54,Organic Search,27.57,reseller,44.0,19,421.9,1
710b15ab273348b3db04d636937061c3,2018-11-06 19:41:39,Unknown,43.07,reseller,0.0,999,0.0,0
88cd3681e0a2ba85e190f7d817629c4c,2018-07-09 18:00:57,Paid Search,73.72,reseller,180.0,999,180.0,0
b586cd24c010a13916af621b0325fbba,2018-05-24 19:51:56,Organic Search,28.75,reseller,149.99,20,1108.94,1
fe3d2c21fe1b15298d60a0792621ddf8,2018-04-06 16:43:28,Organic Search,26.91,reseller,0.0,999,0.0,0
6836558ca75302628900564ce7c67cf9,2018-01-15 18:05:41,Organic Search,27.22,manufacturer,0.0,999,0.0,0
7c8a7bb451a5a4e8813352670a8b9a22,2018-05-08 17:42:04,Paid Search,75.35,reseller,0.0,999,0.0,0
df6a52d41f39ce14aa6df3af06e98e71,2018-03-14 17:18:59,Direct,22.9,reseller,0.0,999,0.0,0
6cbd0872de0e3e92a1b90f229aac6e61,2018-03-02 13:54:02,Unknown,31.44,reseller,0.0,999,0.0,0
d566c37fa119d5e66c4e9052e83ee4ea,2018-02-28 17:16:15,Organic Search,25.25,reseller,83.9,7,5145.7,1
e116c7455dd26a4d8c3e92532583905f,2018-01-22 02:00:00,Unknown,37.33,reseller,36.76,0,36.76,0
611aa09794938387efe774f5abf64c03,2018-04-30 21:29:27,Organic Search,21.16,reseller,0.0,999,0.0,0
bf00385a5f7fc1ef39a13c2e9ee50a5f,2018-06-21 12:21:33,Social,66.1,reseller,17.9,4,870.3,1
27bcbf1bcae4a9c14c54627933160f37,2018-07-09 14:53:03,Organic Search,30.19,manufacturer,0.0,999,0.0,0
dbc7e4c98a58fa8731412f4da2f43cb4,2018-04-24 03:00:00,Paid Search,81.42,reseller,0.0,999,0.0,0
7aa286758114fcd93df587a1e23301ed,2018-03-12 18:45:13,Organic Search,25.77,manufacturer,0.0,999,0.0,0
818d9691c76fabaf6b491f6a9baefad9,2018-06-01 02:32:00,Organic Search,29.05,manufacturer,0.0,999,0.0,0
a46cc8988e2dc21616cc0b2cec80be4b,2018-03-27 13:27:01,Unknown,40.06,manufacturer,0.0,999,0.0,0
bb2eca0468c9088bd9a146c8d6c72e0b,2018-01-16 13:16:45,Organic Search,25.61,reseller,0.0,999,0.0,0
623ad9d0c1e14bb5464a8c72bff7b4af,2018-02-27 17:39:50,Paid Search,60.81,manufacturer,95.0,999,95.0,0
639541c9c4a8a5b34424cac6f81f6be7,2018-04-10 12:30:33,Unknown,41.91,reseller,0.0,999,0.0,0
649d307ba392e2cc6cedc7888f51923d,2018-05-14 14:24:45,Unknown,40.29,reseller,0.0,999,0.0,0
fadb07c842a2aef5d5a676b85f220e71,2018-04-10 17:23:25,Unknown,33.75,reseller,21.99,8,398.75,1
3786da2e9afd5d55617521bd1685dec0,2018-10-01 17:47:09,Organic Search,24.85,reseller,0.0,999,0.0,0
b7bff8fe73a12a5e844c7d83ee1202ff,2018-03-07 19:17:31,Paid Search,69.33,manufacturer,0.0,999,0.0,0
09175f552e7526624e8100bdc8d0c92d,2018-02-22 16:22:07,Social,66.86,reseller,0.0,999,0.0,0
a64e44665225d19dfc0277eeeaaccc57,2018-05-14 18:06:33,Unknown,44.29,manufacturer,168.5,34,335.0,1
6b3bd31ad8fcda4b2635ec9f3ff2ecdf,2018-03-13 18:53:47,Paid Search,70.1,reseller,85.9,0,4198.9,1
a84e05448dd8286412b96fddf603db26,2018-03-14 03:00:00,Unknown,41.19,manufacturer,0.0,999,0.0,0
213fafb0ca06fb3d5886579c2565791b,2018-05-17 18:11:29,Other,45.24,reseller,34.9,55,189.7,0
2a17b229ca84523393b003b7e0bfae63,2018-08-20 14:41:13,Organic Search,24.39,manufacturer,0.0,999,0.0,0
e0a3c37054ade6478d923a6efc10f308,2018-05-25 17:32:40,Paid Search,60.91,manufacturer,109.9,14,219.8,0
8fb67a334bacec338885b4e9e1708073,2018-04-27 12:18:34,Paid Search,68.73,manufacturer,59.9,999,59.9,0
4a23adac87cf538689fa600d976f78b2,2018-07-19 21:17:47,Paid Search,63.73,manufacturer,135.0,3,405.0,1
76ea5315acb3f5f7ade3cd261faf922a,2018-04-24 20:54:30,Paid Search,59.5,reseller,62.9,0,1087.06,1
741eb1606348f827baeb4c099fcf1bdd,2018-02-06 20:18:28,Organic Search,26.53,reseller,0.0,999,0.0,0
f88adb15807168d3c43d71021090ce4a,2018-03-23 21:07:18,Paid Search,73.29,reseller,189.0,109,488.8,1
a359ed4a476430e29909d1415ecacb1d,2018-01-19 13:12:10,Other,35.35,reseller,0.0,999,0.0,0
54c04bdb5ec46762f8f08c7e8f86ed4a,2018-01-26 16:27:17,Organic Search,24.63,reseller,152.8,2,3281.66,1
8476243f92442881ddd5b578975cf115,2018-01-08 02:00:00,Unknown,44.78,reseller,829.0,0,7838.0,1
09bad886111255c5b5030314fc7f1a4a,2018-04-26 19:36:13,Unknown,45.08,reseller,97.5,4,487.5,1
8b286dd43c391bc2d763668067eca963,2018-05-22 12:54:36,Organic Search,28.08,manufacturer,0.0,999,0.0,0
07a9a154056e210f17bbacd5e30c024c,2018-06-04 00:00:00,Unknown,40.19,manufacturer,0.0,999,0.0,0
f0418a194da21de7cd01336b10be11a7,2018-02-20 12:17:26,Social,49.42,reseller,0.0,999,0.0,0
fcc29f9f37cfd89db0038d8de7f97f08,2018-03-13 20:12:45,Organic Search,21.75,reseller,0.0,999,0.0,0
01266d4c46afa519678d16a8b683d325,2018-05-18 20:02:04,Unknown,41.65,reseller,9.88,17,90.25,0
297be0a3c196d803e4e4f013432be4e1,2018-07-30 14:02:01,Social,57.5,manufacturer,0.0,999,0.0,0
9ba337a47628f9761b6bb3939a3f97a9,2018-02-26 14:44:04,Direct,25.4,unknown,0.0,999,0.0,0
1a47a5831effd926ad6bee7ab8beb86c,2018-06-29 17:54:16,Organic Search,28.3,reseller,0.0,999,0.0,0
1cd757f0f38c0847a2f05717d18b8d92,2018-05-18 12:38:36,Social,54.13,reseller,0.0,999,0.0,0
9cf787a239c1aa29dbd76f153dc13f9a,2018-01-24 12:27:42,Unknown,34.03,reseller,79.0,4,316.0,1
1a932caad4f9d804097d7f8e615baed1,2018-02-19 19:51:00,Unknown,38.47,reseller,115.0,8,4661.0,1
b2d462f41b6b46b0569b20a8a4ebfcae,2018-05-29 18:53:31,Paid Search,71.82,reseller,0.0,999,0.0,0
7e1f0755f1c75e301dfa37c21fd01efe,2018-11-12 19:17:25,Paid Search,68.3,other,0.0,999,0.0,0
ae9cf62cf691b753d4f0d3d40731cc3c,2018-09-10 20:48:01,Paid Search,65.15,reseller,0.0,999,0.0,0
0cab2da43793a6f3c5ed8514c5f54627,2018-04-05 16:29:23,Other,46.37,reseller,69.9,35,309.7,1
0d7d5bca59d45d750fb7913b974e9d08,2018-10-30 11:54:22,Unknown,37.58,manufacturer,0.0,999,0.0,0
708cc2c4ffdd3307d5cdee0d7387307b,2018-04-06 16:52:50,Paid Search,64.72,reseller,0.0,999,0.0,0
7210cd29727d674c00741e5e387b3ccd,2018-04-17 17:18:09,Social,57.06,reseller,64.99,30,729.09,1
05a48cc8859962767935ab9087417fbb,2018-05-30 03:00:00,Unknown,38.07,reseller,42.9,999,42.9,0
c65fb4ec11e8d18c95ef150885418aea,2018-02-15 11:27:17,Social,56.61,reseller,0.0,999,0.0,0
3ffabd7292c755d5cebe5b2d6350b850,2018-02-21 13:27:48,Paid Search,72.29,reseller,0.0,999,0.0,0
9d681c7e12db302cb261e721040dde65,2018-05-04 03:00:00,Organic Search,21.58,reseller,49.9,9,785.6,1
d984b175957d0e67bc5bf232285ac792,2018-02-05 12:51:36,Organic Search,23.56,reseller,0.0,999,0.0,0
f4d969837a2957bb052a71af7d39fc91,2018-03-26 14:03:55,Other,52.76,reseller,0.0,999,0.0,0
f1340f6d3347d9fae747fc3d236a2e41,2018-07-17 20:12:39,Organic Search,21.51,reseller,0.0,999,0.0,0
4eeb99008a0f59d2c7759c59f9a346eb,2018-04-06 19:30:00,Paid Search,52.22,reseller,352.0,56,1282.0,1
c013e57c075a06e5b5c48ee03c525719,2018-02-01 17:10:20,Social,42.71,reseller,37.99,4,1971.55,1
b9ec22de23f18567de0e09d776ca0309,2018-04-06 19:26:13,Unknown,40.14,reseller,199.99,53,341.98,1
f46490624488d3ff7ce78613913a7711,2018-05-16 19:51:05,Other,45.17,reseller,53.0,0,5802.85,1
7bfe1c6d7a61cccc48bbbebe206390a9,2018-04-06 20:40:05,Paid Search,69.01,reseller,0.0,999,0.0,0
a9f81449e8f8a47f6c67e5a43b40ed04,2018-03-01 21:03:12,Unknown,45.83,manufacturer,0.0,999,0.0,0
7c9130f5f3729edd32aa059141d92484,2018-05-07 21:49:28,Organic Search,16.98,reseller,31.5,42,126.0,0
2a1a7b9bb186aba4e126ec76f9607237,2017-12-05 02:00:00,Display,62.85,reseller,0.0,999,0.0,0
eeb3e4d4f423780ab2acfe23ea0d5e49,2018-03-29 19:37:01,Paid Search,83.12,reseller,0.0,999,0.0,0
b6392ab5fdb153fb3c6c7c0e174cdc29,2018-04-04 20:33:19,Organic Search,21.62,reseller,0.0,999,0.0,0
33dd941c27854f7625b968cc6195a552,2018-03-28 22:42:55,Email,14.32,reseller,1377.5,2,6787.5,1
c70a353f02429c00775a46a75fb787da,2018-04-20 12:27:44,Social,50.03,reseller,44.9,5,242.0,0
4fe2f67634d00c021aa01f96b6f2d68e,2018-06-07 21:23:45,Organic Search,22.32,reseller,31.9,5,86.8,0
b21768cfefb49b94e9bcd38037e93d1f,2018-02-09 12:16:16,Organic Search,24.02,manufacturer,0.0,999,0.0,0
bfcc27719640628da877db48b672b169,2018-08-01 20:22:31,Organic Search,29.28,reseller,0.0,999,0.0,0
4a82eab98441aeb64566e2776c1fb2b6,2018-09-27 18:58:41,Organic Search,30.51,reseller,0.0,999,0.0,0
55031883943971ca22db6894574cfe2c,2018-06-06 20:15:26,Paid Search,67.18,reseller,0.0,999,0.0,0
c0e933c238e41f0cd459d6025ee9b364,2018-03-06 15:52:23,Social,67.57,reseller,0.0,999,0.0,0
1bba9c94eb5c4e82fba9f7286fe81025,2018-05-02 13:31:32,Direct,22.09,manufacturer,0.0,999,0.0,0
